Chrom,Start,End
chr1,3190918,3191076
chr1,10575157,10575287
chr1,10583974,10584114
chr1,10593671,10593822
chr1,10653990,10654157
chr1,10662485,10662661
chr1,10753361,10753522
chr1,10767419,10767558
chr1,10774632,10774781
chr1,10785543,10785678
chr1,10794435,10794565
chr1,10794567,10794709
chr1,10798794,10798936
chr1,10853556,10853733
chr1,19037107,19037271
chr1,19095355,19095514
chr1,23645052,23645228
chr1,24297323,24297479
chr1,24304566,24304709
chr1,24974461,24974636
chr1,27022507,27022636
chr1,27024655,27024788
chr1,31437489,31437633
chr1,31467970,31468099
chr1,31479832,31479997
chr1,31532268,31532426
chr1,32509370,32509503
chr1,37771330,37771460
chr1,37962066,37962239
chr1,38511370,38511530
chr1,38580124,38580274
chr1,38599486,38599618
chr1,39017290,39017427
chr1,39190062,39190203
chr1,39291845,39292010
chr1,41832302,41832471
chr1,41846654,41846800
chr1,42045550,42045719
chr1,44694043,44694191
chr1,44695122,44695300
chr1,44730039,44730171
chr1,44761860,44762020
chr1,44786305,44786440
chr1,44874978,44875146
chr1,44875148,44875309
chr1,44875360,44875501
chr1,44971210,44971368
chr1,45035071,45035231
chr1,45046849,45046995
chr1,45068487,45068627
chr1,46932242,46932382
chr1,46949166,46949337
chr1,49436179,49436329
chr1,50571460,50571609
chr1,50576436,50576584
chr1,50610226,50610390
chr1,50667633,50667799
chr1,50667837,50667970
chr1,50668822,50668951
chr1,50688655,50688800
chr1,50892629,50892802
chr1,51134774,51134929
chr1,51165675,51165820
chr1,51736820,51736957
chr1,51737466,51737600
chr1,52732267,52732438
chr1,52889201,52889356
chr1,54725526,54725663
chr1,61330941,61331104
chr1,61418509,61418677
chr1,61508170,61508349
chr1,61709830,61709992
chr1,61892103,61892242
chr1,61913356,61913492
chr1,63342410,63342565
chr1,63349943,63350115
chr1,63370496,63370639
chr1,63384314,63384458
chr1,63394639,63394775
chr1,63464809,63464953
chr1,63464977,63465156
chr1,63574403,63574548
chr1,63666604,63666750
chr1,63783709,63783879
chr1,63792442,63792606
chr1,63914800,63914941
chr1,65062906,65063049
chr1,70501760,70501921
chr1,83878701,83878850
chr1,87798805,87798938
chr1,87801355,87801531
chr1,87801569,87801720
chr1,87804387,87804558
chr1,88029747,88029895
chr1,88431042,88431172
chr1,88431186,88431349
chr1,88565697,88565850
chr1,88616315,88616446
chr1,88842376,88842521
chr1,88928103,88928270
chr1,91194023,91194154
chr1,91197393,91197530
chr1,91294375,91294520
chr1,91299613,91299764
chr1,91300476,91300641
chr1,91300740,91300906
chr1,91305870,91306034
chr1,91306502,91306643
chr1,91317486,91317616
chr1,96474018,96474185
chr1,96930051,96930185
chr1,96930230,96930370
chr1,97279715,97279846
chr1,98796893,98797067
chr1,109236121,109236294
chr1,114307027,114307183
chr1,114308431,114308600
chr1,115276347,115276485
chr1,147084784,147084939
chr1,153615700,153615865
chr1,154235641,154235793
chr1,154242660,154242790
chr1,155236537,155236689
chr1,155238443,155238597
chr1,156013777,156013951
chr1,163337602,163337754
chr1,163442396,163442556
chr1,163857501,163857642
chr1,164604638,164604801
chr1,164637962,164638102
chr1,164673378,164673543
chr1,164673572,164673715
chr1,164723608,164723775
chr1,164789264,164789441
chr1,164815786,164815948
chr1,164815965,164816107
chr1,165172543,165172684
chr1,167190099,167190234
chr1,167191591,167191721
chr1,170862733,170862869
chr1,170863022,170863156
chr1,171560198,171560376
chr1,172113943,172114116
chr1,190066795,190066948
chr1,197692415,197692560
chr1,197898103,197898247
chr1,197901039,197901189
chr1,205064044,205064195
chr1,208921396,208921557
chr1,209498452,209498588
chr1,210332690,210332868
chr1,213466463,213466630
chr1,214003328,214003482
chr1,215967521,215967667
chr1,216294903,216295057
chr1,216723473,216723637
chr1,216723687,216723822
chr1,216729047,216729199
chr1,217737635,217737788
chr1,218301634,218301775
chr1,243585520,243585673
chr1,243736325,243736484
chr1,243800905,243801041
chr1,243876803,243876949
chr1,243877336,243877468
chr1,244214484,244214627
chr1,244215411,244215541
chr1,244219393,244219562
chr2,1794965,1795099
chr2,2335241,2335391
chr2,21117651,21117793
chr2,23907310,23907445
chr2,24993289,24993419
chr2,32108435,32108590
chr2,32112075,32112240
chr2,32117066,32117196
chr2,44175586,44175737
chr2,44845710,44845859
chr2,44933520,44933697
chr2,45003084,45003219
chr2,45004053,45004223
chr2,45067245,45067400
chr2,45067492,45067651
chr2,45068457,45068596
chr2,45579592,45579733
chr2,50201111,50201275
chr2,50280641,50280777
chr2,50282091,50282253
chr2,50848444,50848592
chr2,57986583,57986722
chr2,57986783,57986945
chr2,58285187,58285341
chr2,58770683,58770839
chr2,58770841,58771010
chr2,59133809,59133960
chr2,59145001,59145138
chr2,59199235,59199401
chr2,59202696,59202854
chr2,59541412,59541553
chr2,59541555,59541726
chr2,59962417,59962560
chr2,60163389,60163551
chr2,60330888,60331038
chr2,60352744,60352909
chr2,60441845,60442014
chr2,60667059,60667188
chr2,60684569,60684734
chr2,60772332,60772496
chr2,60775672,60775806
chr2,60780451,60780613
chr2,60856000,60856167
chr2,61414677,61414847
chr2,61431368,61431521
chr2,61441454,61441608
chr2,61441612,61441782
chr2,63221448,63221606
chr2,63223883,63224030
chr2,63224094,63224234
chr2,63234156,63234287
chr2,63240829,63240963
chr2,63268632,63268783
chr2,66092050,66092188
chr2,66227016,66227155
chr2,66666944,66667100
chr2,67281598,67281768
chr2,67788348,67788506
chr2,70452425,70452576
chr2,70455448,70455590
chr2,73163761,73163919
chr2,73175464,73175642
chr2,73199865,73200035
chr2,73199865,73200035
chr2,76339051,76339196
chr2,85280389,85280536
chr2,85280745,85280891
chr2,85770776,85770933
chr2,85771834,85771977
chr2,104061850,104061994
chr2,104496723,104496870
chr2,104649147,104649324
chr2,105048066,105048235
chr2,105048497,105048642
chr2,105132950,105133120
chr2,105133271,105133414
chr2,105255302,105255468
chr2,105453533,105453707
chr2,105466375,105466552
chr2,105674506,105674670
chr2,105674689,105674822
chr2,119133654,119133817
chr2,143918860,143918996
chr2,144112110,144112244
chr2,144112266,144112410
chr2,144113390,144113538
chr2,144159381,144159528
chr2,144159530,144159696
chr2,144351807,144351980
chr2,144381564,144381720
chr2,144439626,144439805
chr2,144440865,144441010
chr2,144442468,144442634
chr2,144443259,144443405
chr2,144550373,144550535
chr2,144602340,144602513
chr2,144638982,144639116
chr2,144704345,144704508
chr2,144762336,144762513
chr2,144762522,144762657
chr2,144762659,144762816
chr2,144762948,144763101
chr2,145145549,145145721
chr2,145160076,145160251
chr2,145196926,145197101
chr2,145210155,145210328
chr2,145212650,145212799
chr2,145228091,145228233
chr2,145262056,145262203
chr2,145262287,145262456
chr2,145277791,145277962
chr2,145278782,145278925
chr2,145325355,145325526
chr2,145338744,145338901
chr2,145652867,145653004
chr2,146057799,146057937
chr2,146057988,146058159
chr2,146689727,146689885
chr2,146698016,146698162
chr2,146698164,146698339
chr2,147172636,147172790
chr2,147261123,147261264
chr2,147290253,147290402
chr2,147333961,147334098
chr2,147334140,147334307
chr2,147444358,147444494
chr2,147824770,147824926
chr2,149227158,149227319
chr2,149227765,149227926
chr2,149240921,149241072
chr2,149241469,149241625
chr2,149544085,149544228
chr2,149544326,149544497
chr2,149544996,149545136
chr2,150903822,150903988
chr2,155115523,155115658
chr2,156403303,156403439
chr2,156584755,156584886
chr2,156585762,156585920
chr2,156659192,156659343
chr2,156659590,156659747
chr2,156762305,156762456
chr2,156803569,156803734
chr2,157018009,157018156
chr2,157186376,157186545
chr2,157186547,157186707
chr2,157446769,157446948
chr2,157449538,157449708
chr2,157454501,157454667
chr2,157551104,157551233
chr2,157720807,157720944
chr2,157720955,157721111
chr2,160176269,160176434
chr2,160472956,160473131
chr2,161970797,161970958
chr2,162056521,162056666
chr2,162175110,162175282
chr2,162272704,162272843
chr2,162286965,162287117
chr2,162855330,162855464
chr2,163024166,163024316
chr2,163029580,163029741
chr2,163029844,163029977
chr2,164284358,164284499
chr2,164350377,164350545
chr2,164450515,164450686
chr2,164451005,164451156
chr2,164451158,164451300
chr2,164458103,164458254
chr2,164459555,164459717
chr2,164572388,164572560
chr2,164591682,164591834
chr2,164657677,164657828
chr2,165090549,165090693
chr2,165235875,165236046
chr2,165283464,165283638
chr2,165296629,165296796
chr2,172936763,172936934
chr2,172937128,172937276
chr2,172937773,172937913
chr2,172948627,172948789
chr2,172950236,172950378
chr2,172956218,172956361
chr2,174251051,174251219
chr2,174324309,174324467
chr2,174518286,174518438
chr2,174774132,174774270
chr2,174774340,174774473
chr2,174946751,174946886
chr2,174988970,174989111
chr2,175023683,175023839
chr2,175042075,175042218
chr2,175206162,175206306
chr2,175216312,175216448
chr2,175986150,175986315
chr2,176226947,176227114
chr2,176424814,176424947
chr2,176551546,176551715
chr2,176740059,176740195
chr2,176754826,176754991
chr2,176829536,176829678
chr2,176938127,176938275
chr2,176969072,176969205
chr2,176983780,176983919
chr2,176988294,176988432
chr2,177161897,177162066
chr2,177757802,177757952
chr2,177826720,177826859
chr2,177826896,177827073
chr2,182191652,182191822
chr2,198284257,198284414
chr2,199227515,199227686
chr2,199674849,199675001
chr2,199731189,199731361
chr2,201725043,201725183
chr2,201852112,201852273
chr2,205465894,205466043
chr2,205887663,205887838
chr2,210836906,210837058
chr2,212124748,212124893
chr2,213080627,213080783
chr2,216245675,216245853
chr2,230744698,230744846
chr2,236757673,236757842
chr2,236812701,236812852
chr2,237165746,237165893
chr3,9475487,9475645
chr3,14509584,14509730
chr3,17619528,17619680
chr3,17619688,17619832
chr3,17878468,17878627
chr3,17915221,17915388
chr3,17931451,17931586
chr3,17976450,17976593
chr3,17976614,17976763
chr3,17988000,17988158
chr3,17988200,17988330
chr3,18411247,18411377
chr3,18411511,18411679
chr3,18675540,18675697
chr3,18916888,18917039
chr3,18917041,18917171
chr3,19028405,19028578
chr3,24776920,24777076
chr3,33450175,33450330
chr3,49094428,49094576
chr3,50004885,50005040
chr3,50137794,50137930
chr3,50137932,50138095
chr3,57188883,57189017
chr3,62351074,62351246
chr3,62358969,62359118
chr3,62360039,62360195
chr3,62459847,62460009
chr3,62459847,62460009
chr3,62465736,62465880
chr3,65387320,65387475
chr3,67948372,67948534
chr3,70125549,70125694
chr3,70572814,70572972
chr3,70632737,70632897
chr3,70750659,70750805
chr3,70871672,70871838
chr3,71019545,71019678
chr3,71021238,71021378
chr3,71026388,71026517
chr3,71151309,71151469
chr3,71154436,71154596
chr3,71290910,71291067
chr3,71592116,71592275
chr3,71592277,71592415
chr3,101298554,101298718
chr3,114094710,114094869
chr3,114099257,114099404
chr3,114214650,114214814
chr3,114215045,114215209
chr3,114542002,114542153
chr3,114598654,114598808
chr3,114692056,114692206
chr3,128888491,128888637
chr3,135867743,135867895
chr3,135869793,135869956
chr3,136760670,136760829
chr3,137060628,137060765
chr3,137186296,137186466
chr3,137325166,137325309
chr3,137361123,137361284
chr3,137491887,137492048
chr3,137963975,137964130
chr3,147964400,147964556
chr3,149684232,149684381
chr3,149688525,149688667
chr3,150155961,150156123
chr3,152173252,152173409
chr3,152174031,152174177
chr3,156874782,156874929
chr3,157589429,157589595
chr3,157779833,157779984
chr3,157883004,157883140
chr3,157883201,157883371
chr3,158086069,158086212
chr3,158149750,158149906
chr3,160218076,160218216
chr3,160218513,160218670
chr3,169167115,169167286
chr3,169171006,169171148
chr3,169194322,169194463
chr3,170781627,170781770
chr3,170784031,170784163
chr3,180693063,180693215
chr3,180774134,180774290
chr3,186502732,186502908
chr4,2906716,2906869
chr4,15071100,15071261
chr4,15071306,15071442
chr4,15071444,15071574
chr4,16505058,16505209
chr4,16507453,16507593
chr4,16593539,16593703
chr4,16654535,16654700
chr4,17882280,17882409
chr4,17882425,17882597
chr4,18101659,18101798
chr4,24393199,24393365
chr4,24538757,24538933
chr4,30921772,30921914
chr4,41881369,41881521
chr4,41884569,41884709
chr4,42155833,42155970
chr4,54881575,54881711
chr4,69185821,69185961
chr4,73941517,73941674
chr4,79971671,79971848
chr4,80416703,80416860
chr4,83275833,83276003
chr4,83905576,83905715
chr4,84700915,84701085
chr4,84753584,84753738
chr4,85245693,85245862
chr4,85245864,85246017
chr4,85400527,85400698
chr4,96459413,96459557
chr4,100869312,100869471
chr4,105392996,105393161
chr4,105411908,105412059
chr4,105412085,105412263
chr4,111737155,111737290
chr4,111916149,111916290
chr4,113324745,113324922
chr4,114179155,114179312
chr4,114179455,114179594
chr4,147574290,147574461
chr4,151419104,151419239
chr4,151509948,151510095
chr4,151600492,151600627
chr4,151600647,151600820
chr4,151601851,151602006
chr4,153332894,153333027
chr4,158282123,158282285
chr4,158282628,158282794
chr4,158284607,158284757
chr4,160281127,160281280
chr4,182429038,182429217
chr4,183416855,183417018
chr4,185938755,185938931
chr5,2112783,2112935
chr5,3179888,3180026
chr5,3180060,3180224
chr5,3226753,3226889
chr5,50481849,50482002
chr5,50961010,50961154
chr5,50961156,50961288
chr5,51493221,51493372
chr5,52938255,52938422
chr5,60792393,60792570
chr5,60841856,60842008
chr5,61032577,61032714
chr5,61033709,61033881
chr5,65451810,65451960
chr5,72595943,72596088
chr5,76929420,76929558
chr5,77021458,77021610
chr5,77143594,77143759
chr5,77143823,77143962
chr5,77145873,77146022
chr5,77171109,77171250
chr5,77313130,77313285
chr5,77408689,77408841
chr5,80762787,80762939
chr5,81046798,81046963
chr5,81126428,81126560
chr5,81147845,81148024
chr5,87029305,87029465
chr5,87083659,87083800
chr5,87953264,87953404
chr5,87971721,87971878
chr5,88025269,88025436
chr5,88220027,88220168
chr5,88220274,88220406
chr5,88385928,88386096
chr5,88549343,88549503
chr5,88549505,88549679
chr5,88671476,88671633
chr5,88745436,88745579
chr5,89209050,89209228
chr5,90769152,90769293
chr5,91037657,91037814
chr5,91037922,91038057
chr5,91181555,91181695
chr5,91273444,91273608
chr5,91299657,91299795
chr5,91443532,91443676
chr5,91443935,91444086
chr5,91941394,91941568
chr5,91970656,91970801
chr5,91970807,91970936
chr5,92070108,92070246
chr5,93223468,93223606
chr5,93228849,93228992
chr5,93568232,93568370
chr5,93588950,93589084
chr5,93595784,93595942
chr5,93817352,93817507
chr5,122399089,122399254
chr5,123570487,123570644
chr5,123628271,123628421
chr5,124207573,124207734
chr5,125234820,125234963
chr5,137841992,137842161
chr5,139127227,139127400
chr5,139139106,139139239
chr5,139144037,139144178
chr5,145711481,145711633
chr5,145862180,145862327
chr5,153174156,153174288
chr5,153175025,153175160
chr5,157959020,157959180
chr5,158144033,158144178
chr5,158228423,158228580
chr5,158341487,158341617
chr5,158486721,158486851
chr5,158496728,158496878
chr5,162996518,162996677
chr5,167304659,167304795
chr5,167332964,167333117
chr5,167553842,167553997
chr5,170583967,170584104
chr5,170599185,170599326
chr5,170702219,170702368
chr5,171423951,171424107
chr5,173385292,173385426
chr5,173386605,173386758
chr5,179042525,179042666
chr5,179043837,179044000
chr6,6006916,6007052
chr6,8638204,8638356
chr6,9563928,9564078
chr6,10408060,10408223
chr6,13634641,13634791
chr6,18536888,18537061
chr6,19558552,19558703
chr6,22150083,22150243
chr6,36485484,36485647
chr6,41434792,41434937
chr6,41434939,41435078
chr6,41766455,41766623
chr6,48035817,48035976
chr6,50061182,50061323
chr6,50245620,50245776
chr6,50431816,50431990
chr6,50794604,50794742
chr6,50796978,50797109
chr6,50799175,50799341
chr6,50808735,50808887
chr6,50821714,50821860
chr6,50821912,50822073
chr6,51149262,51149433
chr6,51322032,51322190
chr6,51331501,51331659
chr6,51331676,51331808
chr6,51516268,51516404
chr6,51516763,51516912
chr6,64356563,64356711
chr6,69646455,69646592
chr6,86318016,86318195
chr6,86320960,86321115
chr6,86324468,86324622
chr6,86324793,86324956
chr6,93278533,93278692
chr6,97545155,97545324
chr6,97545326,97545481
chr6,97663178,97663354
chr6,97754377,97754536
chr6,97909147,97909323
chr6,98253539,98253675
chr6,98333313,98333474
chr6,98333918,98334065
chr6,98462461,98462638
chr6,98462735,98462882
chr6,98470401,98470576
chr6,99283881,99284026
chr6,99425789,99425930
chr6,100658552,100658707
chr6,100962830,100962974
chr6,107867048,107867179
chr6,107876829,107876958
chr6,108437711,108437851
chr6,108498769,108498939
chr6,108501548,108501716
chr6,112021296,112021463
chr6,114182430,114182590
chr6,114771898,114772053
chr6,136590213,136590367
chr6,139693455,139693630
chr6,139694663,139694811
chr6,141041108,141041253
chr6,157101592,157101743
chr6,163985666,163985799
chr6,163987713,163987852
chr7,1268374,1268525
chr7,1270373,1270517
chr7,1278965,1279115
chr7,1443808,1443954
chr7,10877996,10878137
chr7,13506613,13506755
chr7,14189611,14189763
chr7,14242503,14242661
chr7,14380269,14380425
chr7,16044379,16044542
chr7,18886249,18886424
chr7,18886671,18886824
chr7,20832950,20833087
chr7,20833277,20833456
chr7,20998202,20998340
chr7,21070168,21070300
chr7,21085052,21085211
chr7,21168106,21168279
chr7,21470263,21470414
chr7,21554196,21554336
chr7,26229970,26230129
chr7,26231402,26231532
chr7,26695517,26695676
chr7,26706616,26706760
chr7,26829429,26829605
chr7,27130861,27130996
chr7,27179795,27179936
chr7,27179938,27180077
chr7,27179938,27180077
chr7,27187337,27187504
chr7,27224486,27224663
chr7,27224765,27224941
chr7,27239587,27239759
chr7,27288491,27288649
chr7,27591637,27591811
chr7,50219970,50220105
chr7,50333602,50333749
chr7,50449954,50450083
chr7,69354999,69355147
chr7,69980994,69981160
chr7,91049909,91050047
chr7,94139359,94139512
chr7,96640966,96641142
chr7,96643488,96643647
chr7,101628299,101628444
chr7,113794043,113794176
chr7,114065601,114065735
chr7,114065836,114066000
chr7,114072307,114072448
chr7,114170318,114170485
chr7,114263337,114263474
chr7,114289963,114290131
chr7,114297340,114297469
chr7,114297471,114297635
chr7,114300358,114300503
chr7,114327542,114327697
chr7,114330516,114330651
chr7,114332328,114332492
chr7,114332647,114332782
chr7,114382415,114382547
chr7,114395925,114396070
chr7,114396072,114396224
chr7,115114112,115114254
chr7,115263873,115264020
chr7,115314692,115314859
chr7,115319304,115319459
chr7,117424367,117424528
chr7,120390237,120390389
chr7,122054613,122054751
chr7,129474564,129474717
chr7,132261968,132262125
chr7,135048662,135048811
chr7,139047898,139048064
chr7,150833646,150833788
chr7,155548028,155548206
chr8,10666425,10666578
chr8,21423257,21423407
chr8,22632993,22633147
chr8,28922292,28922455
chr8,35118902,35119043
chr8,37005136,37005284
chr8,37080190,37080324
chr8,37183375,37183530
chr8,37238405,37238577
chr8,37310402,37310552
chr8,37568607,37568742
chr8,38280527,38280684
chr8,49494997,49495160
chr8,53087007,53087143
chr8,53138371,53138520
chr8,53157187,53157330
chr8,53164225,53164388
chr8,53280844,53280984
chr8,59819135,59819265
chr8,59941865,59942002
chr8,60543350,60543529
chr8,60543588,60543763
chr8,61720304,61720467
chr8,64519205,64519363
chr8,65183072,65183250
chr8,65289759,65289912
chr8,65492807,65492953
chr8,65496061,65496193
chr8,65784369,65784514
chr8,66139948,66140101
chr8,66149649,66149817
chr8,66322004,66322158
chr8,75233226,75233370
chr8,75233407,75233547
chr8,77578065,77578212
chr8,77587215,77587356
chr8,77597410,77597544
chr8,77612192,77612346
chr8,77616203,77616340
chr8,77689660,77689830
chr8,77711403,77711532
chr8,77760199,77760331
chr8,77778734,77778910
chr8,78043297,78043459
chr8,78522564,78522709
chr8,93181136,93181303
chr8,93181456,93181627
chr8,93384295,93384439
chr8,93479283,93479444
chr8,93488027,93488198
chr8,93528322,93528467
chr8,93605413,93605562
chr8,94457340,94457479
chr8,94552697,94552838
chr8,99368852,99369006
chr8,105881436,105881581
chr8,105881670,105881825
chr8,106102264,106102398
chr8,106102406,106102568
chr8,106337685,106337832
chr8,106351679,106351814
chr8,106612149,106612322
chr8,106653319,106653477
chr8,106674016,106674181
chr8,106744391,106744525
chr8,106769004,106769140
chr8,110352640,110352799
chr8,116426280,116426427
chr8,130891573,130891739
chr8,130892613,130892744
chr8,133153474,133153623
chr9,3270379,3270542
chr9,9261035,9261182
chr9,14081874,14082014
chr9,14086386,14086542
chr9,14087330,14087462
chr9,14096616,14096783
chr9,14096785,14096941
chr9,14102385,14102538
chr9,14270426,14270559
chr9,14271239,14271407
chr9,14304377,14304550
chr9,15872608,15872737
chr9,16268329,16268463
chr9,16278549,16278712
chr9,16409501,16409640
chr9,16449256,16449403
chr9,16475508,16475659
chr9,16705158,16705316
chr9,16723864,16723998
chr9,16729769,16729913
chr9,16730215,16730362
chr9,16732682,16732834
chr9,16803903,16804038
chr9,16828675,16828851
chr9,17323563,17323712
chr9,17487474,17487652
chr9,23690146,23690285
chr9,25175755,25175892
chr9,36375986,36376141
chr9,36819222,36819389
chr9,37034158,37034332
chr9,37327639,37327801
chr9,37337557,37337706
chr9,37842129,37842289
chr9,42562047,42562217
chr9,42939693,42939863
chr9,66275030,66275184
chr9,67210533,67210703
chr9,76698558,76698694
chr9,78214252,78214395
chr9,81246566,81246736
chr9,81554444,81554608
chr9,82195048,82195206
chr9,82242237,82242400
chr9,82681833,82681993
chr9,83727533,83727666
chr9,84010455,84010605
chr9,84438979,84439116
chr9,86588758,86588908
chr9,96294500,96294641
chr9,102930624,102930792
chr9,109182463,109182629
chr9,112018372,112018525
chr9,116504648,116504803
chr9,116727321,116727486
chr9,116727492,116727647
chr9,121845928,121846081
chr9,122621653,122621800
chr9,122635835,122636002
chr9,124990063,124990222
chr9,125607396,125607548
chr9,125610941,125611074
chr9,125611076,125611243
chr9,126538995,126539132
chr9,126554885,126555061
chr9,128225167,128225313
chr9,128232419,128232548
chr9,128311990,128312133
chr9,128406808,128406954
chr9,128457572,128457721
chr9,128509826,128509968
chr9,128524822,128524995
chr9,128584116,128584254
chr9,128640538,128640701
chr9,128645947,128646093
chr9,128648765,128648903
chr9,128656910,128657051
chr9,128657053,128657222
chr9,128672292,128672434
chr9,128735453,128735607
chr9,128870126,128870271
chr9,129191677,129191830
chr9,129199526,129199677
chr9,129202095,129202235
chr9,132083156,132083304
chr9,134103525,134103688
chr9,140061835,140061982
chr10,8544512,8544664
chr10,10406889,10407068
chr10,15880214,15880372
chr10,23491282,23491411
chr10,49632505,49632674
chr10,50210294,50210458
chr10,50572311,50572469
chr10,50604132,50604265
chr10,54057144,54057296
chr10,63502676,63502840
chr10,70098279,70098452
chr10,75197117,75197285
chr10,76178100,76178233
chr10,76349034,76349185
chr10,76349187,76349339
chr10,77122297,77122438
chr10,77210387,77210552
chr10,77211135,77211275
chr10,77221822,77221969
chr10,77398484,77398615
chr10,77398619,77398771
chr10,77399525,77399667
chr10,77453357,77453521
chr10,77499116,77499264
chr10,77524358,77524515
chr10,77542658,77542794
chr10,77563850,77564012
chr10,77666928,77667078
chr10,77667080,77667254
chr10,77697569,77697746
chr10,77711997,77712164
chr10,77831660,77831829
chr10,77873768,77873930
chr10,78041996,78042131
chr10,78539853,78540022
chr10,78539853,78540022
chr10,78629334,78629491
chr10,88195027,88195180
chr10,89624167,89624324
chr10,98715111,98715275
chr10,102385118,102385253
chr10,102405632,102405779
chr10,102409501,102409647
chr10,102428153,102428301
chr10,102445038,102445179
chr10,102475656,102475823
chr10,102527371,102527514
chr10,102533298,102533448
chr10,102533517,102533650
chr10,102552591,102552738
chr10,102587251,102587406
chr10,102626579,102626752
chr10,102982347,102982509
chr10,103090086,103090233
chr10,103198895,103199060
chr10,103206845,103206988
chr10,103247274,103247406
chr10,103867983,103868117
chr10,103877314,103877444
chr10,114235620,114235766
chr10,114283473,114283636
chr10,114404073,114404221
chr10,114878585,114878752
chr10,114878762,114878909
chr10,119302110,119302260
chr10,119789971,119790137
chr10,119789971,119790137
chr10,120075017,120075168
chr10,120117534,120117694
chr10,120117696,120117857
chr10,120117884,120118028
chr10,120118079,120118236
chr10,120167664,120167810
chr10,121339888,121340027
chr10,121340269,121340404
chr10,124852044,124852182
chr10,124947409,124947575
chr10,125012886,125013033
chr10,125033878,125034009
chr10,125073993,125074154
chr10,125189325,125189488
chr10,125189584,125189735
chr10,125189781,125189931
chr10,130493173,130493352
chr10,130830206,130830338
chr10,130831730,130831899
chr10,131164998,131165139
chr10,131446188,131446336
chr10,131446601,131446743
chr10,131632109,131632244
chr10,131638583,131638723
chr10,131639171,131639301
chr10,131643778,131643947
chr10,131649364,131649525
chr10,131668033,131668201
chr10,131669194,131669338
chr10,131680438,131680613
chr10,131683162,131683299
chr10,131705931,131706076
chr10,131710909,131711075
chr10,131742935,131743084
chr10,131756155,131756331
chr10,131762274,131762438
chr10,131768296,131768437
chr11,2768449,2768593
chr11,8290418,8290567
chr11,8310832,8310967
chr11,8351300,8351454
chr11,8351460,8351599
chr11,8383960,8384122
chr11,10818848,10819003
chr11,10819269,10819406
chr11,15322419,15322596
chr11,15383398,15383528
chr11,15389479,15389637
chr11,15523184,15523351
chr11,15587713,15587868
chr11,15624629,15624808
chr11,15629183,15629313
chr11,16071662,16071821
chr11,16312012,16312186
chr11,16316621,16316759
chr11,16321910,16322088
chr11,16365166,16365299
chr11,16369811,16369943
chr11,16424647,16424786
chr11,16461985,16462117
chr11,17800970,17801102
chr11,27739921,27740066
chr11,27741934,27742063
chr11,31257985,31258133
chr11,31326840,31326985
chr11,31499172,31499321
chr11,31499537,31499704
chr11,31816939,31817111
chr11,31817579,31817757
chr11,32808372,32808540
chr11,32808573,32808709
chr11,33376568,33376700
chr11,33378397,33378531
chr11,45992650,45992786
chr11,46142936,46143070
chr11,46143373,46143505
chr11,46144047,46144202
chr11,47042964,47043106
chr11,47490303,47490475
chr11,64393923,64394065
chr11,72019689,72019825
chr11,72026609,72026754
chr11,72045974,72046152
chr11,78673196,78673375
chr11,82878673,82878850
chr11,83194272,83194401
chr11,84028367,84028506
chr11,95512179,95512328
chr11,105836640,105836808
chr11,113981576,113981734
chr11,114037761,114037935
chr11,114089259,114089420
chr11,115003284,115003432
chr11,115047179,115047336
chr11,115689102,115689262
chr11,115910962,115911100
chr11,116000282,116000431
chr11,116386142,116386303
chr11,122877102,122877270
chr11,124994287,124994454
chr11,125110165,125110304
chr11,125114507,125114647
chr11,125121119,125121263
chr11,125128187,125128321
chr11,125250071,125250227
chr11,130106676,130106848
chr11,131731462,131731621
chr11,132779751,132779916
chr12,2691933,2692106
chr12,16610868,16611047
chr12,16869912,16870067
chr12,16939619,16939765
chr12,16941191,16941322
chr12,16941589,16941730
chr12,17848630,17848777
chr12,24168227,24168373
chr12,24381173,24381309
chr12,50026309,50026455
chr12,53868596,53868751
chr12,53868792,53868941
chr12,54103829,54103967
chr12,54366088,54366229
chr12,54366739,54366915
chr12,54384176,54384329
chr12,54403306,54403460
chr12,54422284,54422430
chr12,54431596,54431734
chr12,54443091,54443222
chr12,54448260,54448403
chr12,54476516,54476659
chr12,54678297,54678462
chr12,58240454,58240603
chr12,58907198,58907368
chr12,62798268,62798436
chr12,70723196,70723359
chr12,70748397,70748574
chr12,92536924,92537082
chr12,101368517,101368649
chr12,104531845,104532011
chr12,107272785,107272930
chr12,107273504,107273661
chr12,108008793,108008948
chr12,110115384,110115524
chr12,111160274,111160452
chr12,111495773,111495952
chr12,111954043,111954222
chr12,121766239,121766410
chr13,21437122,21437279
chr13,26967501,26967639
chr13,28396762,28396895
chr13,28396906,28397048
chr13,36246725,36246874
chr13,47469622,47469759
chr13,50274088,50274266
chr13,52026542,52026696
chr13,54046465,54046635
chr13,55936302,55936455
chr13,65103058,65103190
chr13,71344592,71344742
chr13,71358505,71358659
chr13,71358671,71358845
chr13,71358979,71359141
chr13,71533716,71533854
chr13,71811642,71811785
chr13,72097405,72097563
chr13,72099057,72099226
chr13,72101780,72101912
chr13,72256414,72256554
chr13,72325314,72325446
chr13,72345063,72345221
chr13,72347805,72347958
chr13,72372770,72372909
chr13,72375997,72376138
chr13,72426938,72427070
chr13,72427072,72427234
chr13,72445585,72445742
chr13,72694719,72694861
chr13,72769347,72769494
chr13,72773013,72773150
chr13,72773198,72773328
chr13,72939395,72939534
chr13,73087769,73087921
chr13,73087923,73088078
chr13,73235546,73235723
chr13,78939099,78939247
chr13,78957306,78957485
chr13,79183156,79183315
chr13,79348306,79348478
chr13,79409894,79410045
chr13,79619490,79619642
chr13,79659049,79659188
chr13,79659190,79659324
chr13,79843508,79843662
chr13,91999800,91999965
chr13,95314511,95314662
chr13,95314731,95314906
chr13,95765620,95765770
chr13,100514227,100514386
chr13,107148089,107148245
chr13,107209900,107210043
chr13,107210948,107211096
chr13,112063380,112063512
chr13,112331551,112331686
chr13,112631364,112631543
chr13,112758380,112758546
chr14,26124989,26125160
chr14,26377897,26378032
chr14,26915803,26915982
chr14,28270799,28270969
chr14,29226725,29226903
chr14,29233412,29233575
chr14,29238746,29238885
chr14,29302317,29302472
chr14,29345794,29345964
chr14,29365529,29365663
chr14,29685067,29685243
chr14,29685822,29685996
chr14,29859391,29859528
chr14,29859608,29859748
chr14,29927944,29928106
chr14,29928171,29928342
chr14,29931987,29932119
chr14,29998073,29998248
chr14,30046229,30046406
chr14,30068926,30069084
chr14,30696522,30696686
chr14,30712561,30712703
chr14,31598227,31598377
chr14,33094605,33094775
chr14,33118116,33118284
chr14,33118330,33118505
chr14,33165183,33165336
chr14,33278479,33278616
chr14,33295129,33295294
chr14,33522148,33522297
chr14,33525073,33525224
chr14,33710939,33711096
chr14,33719335,33719467
chr14,33719549,33719690
chr14,33793376,33793545
chr14,33863202,33863373
chr14,33999344,33999487
chr14,34089030,34089206
chr14,34111184,34111339
chr14,34261831,34262009
chr14,35979204,35979355
chr14,36020588,36020744
chr14,36027980,36028119
chr14,36690357,36690511
chr14,36893830,36893983
chr14,36908177,36908328
chr14,37154259,37154395
chr14,37154397,37154542
chr14,37726924,37727085
chr14,39867095,39867227
chr14,55203727,55203868
chr14,57115225,57115395
chr14,57272630,57272789
chr14,57277177,57277340
chr14,57420771,57420932
chr14,57429264,57429410
chr14,57448908,57449038
chr14,63920443,63920594
chr14,68816839,68817010
chr14,69619550,69619702
chr14,73137953,73138097
chr14,75264241,75264394
chr14,75266087,75266262
chr14,76501422,76501596
chr14,79276559,79276696
chr14,80319818,80319949
chr14,81685695,81685852
chr14,89069133,89069270
chr14,89544675,89544818
chr14,89960500,89960679
chr14,93939782,93939922
chr14,93940351,93940512
chr14,95241149,95241297
chr14,97080884,97081038
chr14,97879690,97879829
chr14,99654473,99654614
chr14,99701764,99701932
chr14,100070055,100070230
chr14,102606202,102606342
chr14,102606344,102606478
chr14,103803012,103803161
chr15,33040428,33040569
chr15,35409778,35409943
chr15,35594650,35594804
chr15,35858039,35858213
chr15,36069856,36070026
chr15,36250219,36250378
chr15,36263413,36263563
chr15,36936877,36937022
chr15,36950567,36950743
chr15,36952292,36952430
chr15,36966607,36966765
chr15,36966852,36966991
chr15,37019571,37019744
chr15,37047254,37047422
chr15,37047468,37047639
chr15,37047692,37047822
chr15,37049019,37049166
chr15,37184357,37184492
chr15,37216386,37216530
chr15,37327571,37327713
chr15,37329892,37330035
chr15,37513263,37513420
chr15,37632711,37632848
chr15,37651754,37651909
chr15,38160220,38160362
chr15,38172752,38172915
chr15,44695102,44695258
chr15,46849199,46849344
chr15,48459531,48459691
chr15,56297910,56298078
chr15,57580159,57580326
chr15,59182454,59182623
chr15,59384704,59384848
chr15,60285840,60285998
chr15,60496287,60496433
chr15,66994479,66994658
chr15,67199351,67199525
chr15,67199579,67199745
chr15,67665762,67665917
chr15,67687398,67687554
chr15,67760818,67760956
chr15,67905138,67905305
chr15,68016258,68016403
chr15,68025419,68025583
chr15,72338061,72338199
chr15,72611943,72612101
chr15,88925449,88925613
chr15,93007648,93007820
chr15,93443219,93443353
chr15,93443470,93443605
chr15,93444374,93444543
chr15,93615391,93615548
chr15,95839218,95839352
chr15,95839385,95839522
chr15,95998053,95998218
chr15,96007702,96007852
chr15,96094034,96094191
chr15,96875584,96875714
chr15,96886660,96886812
chr15,97188917,97189085
chr15,97289956,97290090
chr15,97345999,97346134
chr15,97346999,97347143
chr15,97602919,97603098
chr15,100211531,100211670
chr15,100211718,100211894
chr16,7759230,7759369
chr16,7763214,7763343
chr16,9196984,9197128
chr16,24741846,24742013
chr16,28848029,28848160
chr16,29458133,29458305
chr16,30299918,30300064
chr16,49524627,49524772
chr16,49620398,49620575
chr16,50424746,50424876
chr16,51106683,51106858
chr16,51185062,51185225
chr16,51786721,51786871
chr16,51789473,51789632
chr16,51935017,51935183
chr16,52494471,52494628
chr16,52500010,52500184
chr16,53359081,53359249
chr16,53361282,53361420
chr16,53727055,53727204
chr16,54087943,54088081
chr16,54096599,54096769
chr16,54116901,54117031
chr16,54323678,54323853
chr16,54651297,54651437
chr16,54665727,54665904
chr16,55223593,55223748
chr16,55248955,55249101
chr16,58220663,58220804
chr16,58633171,58633346
chr16,60621854,60621998
chr16,61687500,61687649
chr16,61687708,61687850
chr16,61760941,61761093
chr16,70274949,70275121
chr16,72821366,72821536
chr16,72836036,72836176
chr16,73092885,73093064
chr16,73095024,73095170
chr16,73735613,73735763
chr16,73747685,73747847
chr16,79633612,79633772
chr17,1326801,1326952
chr17,1339978,1340129
chr17,1966513,1966643
chr17,1971632,1971798
chr17,2082955,2083120
chr17,2083122,2083254
chr17,2116794,2116966
chr17,11389214,11389362
chr17,12376023,12376159
chr17,16054792,16054940
chr17,27238135,27238308
chr17,27397884,27398056
chr17,30781803,30781962
chr17,34151073,34151210
chr17,34160876,34161020
chr17,35002156,35002302
chr17,35028918,35029053
chr17,35039630,35039777
chr17,35058219,35058368
chr17,35078145,35078308
chr17,35102415,35102545
chr17,35102547,35102688
chr17,35466860,35467003
chr17,38245524,38245681
chr17,38248769,38248898
chr17,38285766,38285906
chr17,38289776,38289917
chr17,38801793,38801948
chr17,42275362,42275507
chr17,42277393,42277550
chr17,42289686,42289847
chr17,46225906,46226036
chr17,46226931,46227075
chr17,46227120,46227265
chr17,46371445,46371604
chr17,46639932,46640072
chr17,46667635,46667799
chr17,46675606,46675738
chr17,46689697,46689833
chr17,48828522,48828694
chr17,54340742,54340920
chr17,54559464,54559630
chr17,54569484,54569617
chr17,55644548,55644714
chr17,55665106,55665281
chr17,56049908,56050077
chr17,56051211,56051352
chr17,56060051,56060187
chr17,59235106,59235253
chr17,59329605,59329742
chr17,64167394,64167536
chr17,64961008,64961176
chr17,67410804,67410934
chr17,67410971,67411148
chr17,72084996,72085137
chr18,18844764,18844903
chr18,22692855,22692990
chr18,22724089,22724247
chr18,22727459,22727610
chr18,22747973,22748134
chr18,22754700,22754859
chr18,22756075,22756244
chr18,22868631,22868773
chr18,23615774,23615946
chr18,24235232,24235362
chr18,30352873,30353015
chr18,30353017,30353166
chr18,30448658,30448804
chr18,30467823,30467980
chr18,30498018,30498151
chr18,30631835,30631987
chr18,30763200,30763346
chr18,31537342,31537520
chr18,34719983,34720150
chr18,34839063,34839206
chr18,35188792,35188953
chr18,35341874,35342038
chr18,36024992,36025128
chr18,36197971,36198143
chr18,39237368,39237512
chr18,42872160,42872315
chr18,43913914,43914073
chr18,44784482,44784619
chr18,44784680,44784845
chr18,44788651,44788804
chr18,45087567,45087735
chr18,45255340,45255492
chr18,48700904,48701068
chr18,48701070,48701248
chr18,52988973,52989137
chr18,52990729,52990889
chr18,53019251,53019420
chr18,53568060,53568229
chr18,55101132,55101269
chr18,72349120,72349278
chr18,72371957,72372129
chr18,72374753,72374884
chr18,72508770,72508918
chr18,72509195,72509360
chr18,72568893,72569034
chr18,72590367,72590516
chr18,72614199,72614365
chr18,72716951,72717100
chr18,72768774,72768906
chr18,72769735,72769866
chr18,72924488,72924634
chr18,72939898,72940056
chr18,73075179,73075341
chr18,75497638,75497801
chr18,75570142,75570294
chr18,77009125,77009304
chr19,1425841,1425995
chr19,10790982,10791127
chr19,30380097,30380249
chr19,30562614,30562771
chr19,30566762,30566896
chr19,30599110,30599252
chr19,30755590,30755745
chr19,30757890,30758056
chr19,30758073,30758235
chr19,30933682,30933845
chr19,30939769,30939933
chr19,30941017,30941193
chr19,30978689,30978864
chr19,31378444,31378578
chr19,31406574,31406730
chr19,31837160,31837321
chr19,32453046,32453215
chr19,32521664,32521841
chr19,42440020,42440190
chr19,42666062,42666217
chr19,49605304,49605464
chr20,1843352,1843496
chr20,6764705,6764853
chr20,20473210,20473368
chr20,20473370,20473540
chr20,20473654,20473828
chr20,20974107,20974268
chr20,21071367,21071516
chr20,21126834,21126978
chr20,21215519,21215658
chr20,21215729,21215871
chr20,22356657,22356797
chr20,22433555,22433710
chr20,31124417,31124596
chr20,32150192,32150364
chr20,33907205,33907340
chr20,34291548,34291710
chr20,35154353,35154499
chr20,37877004,37877162
chr20,38102392,38102545
chr20,38863221,38863400
chr20,38870409,38870543
chr20,39316535,39316686
chr20,39341169,39341344
chr20,39575275,39575454
chr20,40966710,40966869
chr20,41823080,41823216
chr20,42394560,42394728
chr20,44819184,44819339
chr20,51787716,51787881
chr21,17906756,17906929
chr21,34489600,34489776
chr21,34923449,34923621
chr21,34930053,34930185
chr21,34944803,34944959
chr21,35209240,35209402
chr21,38494146,38494300
chr21,38884607,38884753
chr21,38886033,38886169
chr21,39870311,39870469
chr22,19394688,19394832
chr22,27399585,27399764
chr22,31737566,31737716
chr22,36145971,36146137
chr22,36146198,36146368
chr22,40657834,40657995
chr22,40660770,40660922
chr22,40661259,40661403
chr22,40662140,40662291
chr22,41697624,41697772
chr22,50181121,50181274
chrX,10534889,10535053
chrX,21579543,21579705
chrX,24167727,24167891
chrX,24227002,24227167
chrX,24665063,24665212
chrX,24880842,24880991
chrX,24941351,24941489
chrX,24984888,24985058
chrX,25000190,25000359
chrX,25019606,25019737
chrX,25068496,25068657
chrX,29336806,29336976
chrX,32366512,32366647
chrX,33357448,33357598
chrX,39092231,39092393
chrX,39123238,39123394
chrX,39147607,39147765
chrX,39315024,39315170
chrX,39513001,39513158
chrX,39513200,39513345
chrX,39864371,39864541
chrX,39930857,39931000
chrX,39938185,39938326
chrX,39945944,39946082
chrX,39950385,39950555
chrX,40511027,40511163
chrX,40525950,40526123
chrX,41206984,41207130
chrX,41378954,41379087
chrX,41712311,41712458
chrX,44919191,44919337
chrX,44928941,44929070
chrX,47034360,47034515
chrX,53589622,53589772
chrX,62974380,62974519
chrX,70367816,70367958
chrX,70368639,70368773
chrX,70442868,70443000
chrX,70755985,70756145
chrX,70765323,70765459
chrX,70767497,70767637
chrX,82082786,82082936
chrX,85156871,85157014
chrX,85409693,85409867
chrX,96093609,96093752
chrX,97564662,97564813
chrX,99658577,99658750
chrX,108926507,108926682
chrX,109441610,109441783
chrX,110389680,110389857
chrX,117106662,117106822
chrX,117119173,117119325
chrX,122323335,122323476
chrX,122598887,122599032
chrX,122616692,122616840
chrX,124653868,124654021
chrX,129068968,129069133
chrX,133116170,133116326
chrX,134704316,134704486
chrX,135291453,135291608
chrX,135955432,135955602
chrX,135956301,135956450
chrX,136317219,136317393
chrX,136319809,136319946
chrX,136369495,136369659
chrX,136508948,136509126
chrX,137939703,137939880
chrX,139192391,139192524
chrX,139531716,139531859
chrX,147026342,147026519
chrX,147030896,147031026
chrX,147031977,147032123
chrX,153287325,153287454
chrX,153295501,153295641
