Chrom,Start,End,
chr1,6843903,6844385,483
chr1,6846105,6846583,479
chr1,6846946,6847414,469
chr1,11082133,11082593,461
chr1,11082634,11083189,556
chr1,11083211,11083756,546
chr1,12512802,12513330,529
chr1,12524861,12525305,445
chr1,12533769,12534258,490
chr1,12534260,12534699,440
chr1,28079768,28080318,551
chr1,35580384,35580922,539
chr1,35735196,35735677,482
chr1,36750272,36750773,502
chr1,36751948,36752436,489
chr1,36753984,36754466,483
chr1,36756688,36757221,534
chr1,36844357,36844877,521
chr1,36851955,36852479,525
chr1,38002845,38003301,457
chr1,44358343,44358797,455
chr1,44365462,44365976,515
chr1,44422180,44422720,541
chr1,44422743,44423232,490
chr1,45241304,45241844,541
chr1,45268359,45268837,479
chr1,46744397,46744947,551
chr1,46745853,46746328,476
chr1,50556752,50557297,546
chr1,50570154,50570661,508
chr1,50571546,50572034,489
chr1,51168168,51168670,503
chr1,51169448,51169951,504
chr1,51171197,51171731,535
chr1,52237420,52237902,483
chr1,52249873,52250430,558
chr1,52253012,52253553,542
chr1,61545441,61545958,518
chr1,61549581,61550109,529
chr1,61551758,61552257,500
chr1,61557091,61557534,444
chr1,61563383,61563852,470
chr1,61564647,61565120,474
chr1,61582719,61583189,471
chr1,61584792,61585338,547
chr1,61585899,61586349,451
chr1,61649850,61650380,531
chr1,61672912,61673395,484
chr1,61676376,61676900,525
chr1,63347597,63348097,501
chr1,86801933,86802467,535
chr1,86814137,86814680,544
chr1,91385575,91386077,503
chr1,91399716,91400241,526
chr1,91402406,91402940,535
chr1,91409410,91409873,464
chr1,93329654,93330178,525
chr1,93329654,93330178,525
chr1,93341707,93342198,492
chr1,93599594,93600080,487
chr1,93602195,93602689,495
chr1,93602690,93603151,462
chr1,93617805,93618312,508
chr1,100349814,100350348,535
chr1,103469614,103470110,497
chr1,103491573,103492107,535
chr1,109779735,109780248,514
chr1,109794502,109795025,524
chr1,109795609,109796067,459
chr1,112308275,112308765,491
chr1,112313432,112313920,489
chr1,112318527,112319074,548
chr1,112319599,112320068,470
chr1,113950767,113951248,482
chr1,113961062,113961572,511
chr1,113963632,113964091,460
chr1,120589047,120589549,503
chr1,120592581,120593081,501
chr1,120595583,120596076,494
chr1,144090853,144091409,557
chr1,145598149,145598690,542
chr1,145605983,145606530,548
chr1,147093862,147094366,505
chr1,147097166,147097634,469
chr1,147111251,147111709,459
chr1,154201008,154201554,547
chr1,154213939,154214453,515
chr1,154214455,154214907,453
chr1,154229516,154229974,459
chr1,154234378,154234899,522
chr1,154522378,154522910,533
chr1,154960417,154960890,474
chr1,154974085,154974622,538
chr1,154976519,154977070,552
chr1,155231865,155232318,454
chr1,155234119,155234653,535
chr1,155236156,155236686,531
chr1,155243402,155243887,486
chr1,155257842,155258332,491
chr1,155264007,155264551,545
chr1,155264685,155265169,485
chr1,155911480,155911999,520
chr1,155917446,155917949,504
chr1,155935137,155935616,480
chr1,172537897,172538336,440
chr1,172557782,172558222,441
chr1,178418697,178419170,474
chr1,178426733,178427219,487
chr1,178433211,178433702,492
chr1,197104050,197104602,553
chr1,197112999,197113475,477
chr1,197127284,197127780,497
chr1,197128844,197129285,442
chr1,202530839,202531365,527
chr1,202542382,202542895,514
chr1,202543884,202544387,504
chr1,202549551,202550100,550
chr1,202552840,202553304,465
chr1,202559371,202559842,472
chr1,203766710,203767226,517
chr1,203767338,203767885,548
chr1,214055683,214056178,496
chr1,214061414,214061900,487
chr1,214065468,214066000,533
chr1,243579899,243580419,521
chr1,243580641,243581140,500
chr1,244206044,244206539,496
chr1,244215267,244215765,499
chr1,244217025,244217555,531
chr1,244217557,244218101,545
chr1,244218103,244218587,485
chr1,244225535,244226090,556
chr1,244229599,244230039,441
chr2,21213546,21214059,514
chr2,21214906,21215367,462
chr2,21233948,21234452,505
chr2,21234983,21235474,492
chr2,24008693,24009194,502
chr2,24011249,24011749,501
chr2,24022471,24022949,479
chr2,24023096,24023566,471
chr2,25456146,25456633,488
chr2,25457093,25457567,475
chr2,25462909,25463459,551
chr2,37353198,37353712,515
chr2,37368185,37368678,494
chr2,45000442,45000884,443
chr2,45002914,45003417,504
chr2,45004051,45004569,519
chr2,45005947,45006417,471
chr2,45029866,45030388,523
chr2,59133192,59133745,554
chr2,59133747,59134195,449
chr2,59139542,59140054,513
chr2,60751946,60752482,537
chr2,60763881,60764345,465
chr2,60775983,60776476,494
chr2,60777254,60777700,447
chr2,63273176,63273661,486
chr2,63278627,63279165,539
chr2,63282051,63282535,485
chr2,66692702,66693141,440
chr2,66696521,66697073,553
chr2,66699086,66699556,471
chr2,66704672,66705148,477
chr2,66718314,66718829,516
chr2,67807333,67807784,452
chr2,105029501,105030018,518
chr2,105045162,105045607,446
chr2,105045758,105046271,514
chr2,105300690,105301244,555
chr2,105320998,105321491,494
chr2,105453402,105453903,502
chr2,105455794,105456301,508
chr2,105467634,105468178,545
chr2,105473028,105473494,467
chr2,109480019,109480522,504
chr2,145147656,145148214,559
chr2,145278671,145279132,462
chr2,157182616,157183056,441
chr2,157184350,157184801,452
chr2,157186259,157186804,546
chr2,157187142,157187600,459
chr2,157191043,157191601,559
chr2,157197584,157198066,483
chr2,157482923,157483434,512
chr2,157494026,157494487,462
chr2,157530392,157530877,486
chr2,157546266,157546715,450
chr2,157557148,157557689,542
chr2,157979667,157980184,518
chr2,160175612,160176063,452
chr2,160190401,160190952,552
chr2,160193261,160193746,486
chr2,160193748,160194223,476
chr2,162090926,162091418,493
chr2,162092251,162092722,472
chr2,162097722,162098220,499
chr2,162102592,162103128,537
chr2,162241348,162241834,487
chr2,162267755,162268239,485
chr2,162851896,162852383,488
chr2,162855073,162855567,495
chr2,162856824,162857376,553
chr2,162859217,162859751,535
chr2,172579350,172579870,521
chr2,172580654,172581104,451
chr2,172582285,172582775,491
chr2,178570249,178570804,556
chr2,178571172,178571632,461
chr2,178586609,178587162,554
chr2,178587310,178587767,458
chr2,179382364,179382828,465
chr2,179392233,179392781,549
chr2,179395132,179395586,455
chr2,179396507,179396996,490
chr2,179401481,179402029,549
chr2,179402299,179402852,554
chr2,179403162,179403607,446
chr2,179404633,179405100,468
chr2,179412937,179413424,488
chr2,179417612,179418141,530
chr2,179425236,179425763,528
chr2,179430306,179430759,454
chr2,179431315,179431786,472
chr2,179448111,179448613,503
chr2,179452135,179452612,478
chr2,179470275,179470742,468
chr2,179475801,179476315,515
chr2,179488484,179489012,529
chr2,179614172,179614649,478
chr2,179622173,179622683,511
chr2,179638723,179639228,506
chr2,179639499,179639986,488
chr2,180306831,180307293,463
chr2,180308579,180309115,537
chr2,180310131,180310639,509
chr2,180311311,180311768,458
chr2,180326676,180327204,529
chr2,183183218,183183671,454
chr2,183185310,183185848,539
chr2,190531972,190532447,476
chr2,190534056,190534609,554
chr2,190554336,190554845,510
chr2,191285643,191286159,517
chr2,191300731,191301245,515
chr2,191304364,191304907,544
chr2,196891591,196892115,525
chr2,196912859,196913332,474
chr2,199276516,199277042,527
chr2,199280892,199281380,489
chr2,199282062,199282519,458
chr2,204325963,204326485,523
chr2,204326487,204327001,515
chr2,207169732,207170214,483
chr2,207171475,207171983,509
chr2,207172209,207172665,457
chr2,207173338,207173848,511
chr2,208711787,208712227,441
chr2,208725701,208726220,520
chr2,208734411,208734932,522
chr2,210548059,210548584,526
chr2,210569094,210569597,504
chr2,219989846,219990391,546
chr2,219994699,219995151,453
chr2,225337057,225337610,554
chr2,225342672,225343126,455
chr2,225345480,225345980,501
chr2,225346541,225347051,511
chr2,225842212,225842686,475
chr2,225846852,225847377,526
chr2,225856908,225857381,474
chr3,18389586,18390071,486
chr3,18395925,18396394,470
chr3,18411204,18411750,547
chr3,18412235,18412688,454
chr3,24160793,24161234,442
chr3,24170843,24171339,497
chr3,24174543,24175023,481
chr3,24177767,24178310,544
chr3,25566520,25566994,475
chr3,25568915,25569458,544
chr3,25576314,25576814,501
chr3,38912531,38913032,502
chr3,38921357,38921815,459
chr3,38926436,38926911,476
chr3,38938303,38938844,542
chr3,39150447,39150907,461
chr3,39153666,39154159,494
chr3,39162635,39163161,527
chr3,43650455,43650948,494
chr3,43659754,43660290,537
chr3,47954511,47955016,506
chr3,49354142,49354641,500
chr3,49680136,49680645,510
chr3,49695258,49695791,534
chr3,50005711,50006203,493
chr3,52504347,52504863,517
chr3,52525977,52526525,549
chr3,57188849,57189374,526
chr3,57192048,57192582,535
chr3,57192585,57193122,538
chr3,57881918,57882379,462
chr3,57882399,57882895,497
chr3,62353320,62353870,551
chr3,62355209,62355666,458
chr3,62358338,62358822,485
chr3,62360039,62360510,472
chr3,62361676,62362163,488
chr3,77672654,77673156,503
chr3,77686827,77687328,502
chr3,77691712,77692206,495
chr3,77695386,77695901,516
chr3,78418332,78418829,498
chr3,100988056,100988580,525
chr3,100992175,100992624,450
chr3,100994052,100994554,503
chr3,101007716,101008184,469
chr3,104760471,104761012,542
chr3,104762543,104763033,491
chr3,107881139,107881685,547
chr3,107885782,107886326,545
chr3,113077375,113077885,511
chr3,113081460,113081951,492
chr3,113373936,113374438,503
chr3,113378311,113378814,504
chr3,113395831,113396333,503
chr3,120039571,120040010,440
chr3,120047458,120047919,462
chr3,120052219,120052729,511
chr3,120053658,120054215,558
chr3,121410729,121411197,469
chr3,121412694,121413165,472
chr3,121413937,121414451,515
chr3,121438898,121439381,484
chr3,121659514,121659998,485
chr3,137060485,137060991,507
chr3,137068168,137068665,498
chr3,139071740,139072201,462
chr3,139073287,139073841,555
chr3,139079819,139080293,475
chr3,139079819,139080293,475
chr3,139086707,139087173,467
chr3,139092284,139092785,502
chr3,139098037,139098521,485
chr3,141160931,141161370,440
chr3,141163793,141164256,464
chr3,141165246,141165754,509
chr3,141166861,141167305,445
chr3,141167307,141167825,519
chr3,156872051,156872544,494
chr3,156873804,156874286,483
chr3,181541712,181542192,481
chr3,181557703,181558246,544
chr3,186502671,186503210,540
chr3,186504236,186504715,480
chr3,186505241,186505784,544
chr4,17879616,17880104,489
chr4,17882804,17883359,556
chr4,17884083,17884553,471
chr4,17885326,17885854,529
chr4,77481357,77481806,450
chr4,83852066,83852575,510
chr4,83857121,83857624,504
chr4,120390763,120391246,484
chr4,120395258,120395707,450
chr4,120416492,120416984,493
chr4,120419469,120419925,457
chr4,123269982,123270529,548
chr4,123269982,123270529,548
chr4,123273886,123274403,518
chr4,123274884,123275374,491
chr4,125588130,125588591,462
chr4,125592684,125593195,512
chr4,126224319,126224789,471
chr4,126239374,126239852,479
chr4,136142163,136142638,476
chr4,136156638,136157113,476
chr4,136162284,136162746,463
chr4,136167545,136168026,482
chr4,146677903,146678363,461
chr4,146683996,146684505,510
chr4,146695342,146695885,544
chr4,147572204,147572704,501
chr4,147573154,147573624,471
chr4,147574851,147575396,546
chr4,151821523,151822037,515
chr4,152042220,152042667,448
chr4,152054128,152054652,525
chr4,152061243,152061708,466
chr4,164660799,164661308,510
chr5,61409072,61409582,511
chr5,61681279,61681766,488
chr5,61682576,61683080,505
chr5,61684024,61684495,472
chr5,61687879,61688336,458
chr5,71489684,71490195,512
chr5,71505131,71505594,464
chr5,77017813,77018263,451
chr5,77020897,77021402,506
chr5,77021612,77022170,559
chr5,78662158,78662648,491
chr5,78670181,78670683,503
chr5,87960443,87960986,544
chr5,87967907,87968366,460
chr5,87971672,87972139,468
chr5,87979275,87979801,527
chr5,90171347,90171861,515
chr5,90176872,90177390,519
chr5,92909650,92910097,448
chr5,92910712,92911154,443
chr5,92922765,92923264,500
chr5,92923430,92923984,555
chr5,92927475,92927925,451
chr5,92929714,92930198,485
chr5,93373487,93373944,458
chr5,93637437,93637924,488
chr5,93641209,93641705,497
chr5,93643702,93644226,525
chr5,93659386,93659922,537
chr5,95233879,95234349,471
chr5,95236473,95236976,504
chr5,95244904,95245383,480
chr5,118469628,118470124,497
chr5,123982266,123982764,499
chr5,123982766,123983211,446
chr5,123984276,123984762,487
chr5,123987946,123988394,449
chr5,126253539,126254074,536
chr5,140311333,140311869,537
chr5,140777629,140778144,516
chr5,140786173,140786679,507
chr5,140888258,140888801,544
chr5,140892037,140892526,490
chr5,140896203,140896653,451
chr5,140905590,140906067,478
chr5,141015746,141016275,530
chr5,142657562,142658075,514
chr5,142659831,142660367,537
chr5,142674867,142675365,499
chr5,146176482,146176946,465
chr5,146177127,146177600,474
chr5,146178726,146179236,511
chr5,157230256,157230756,501
chr5,157232817,157233288,472
chr5,157244086,157244545,460
chr5,157245852,157246341,490
chr5,157253531,157254028,498
chr5,170626606,170627075,470
chr5,170630162,170630681,520
chr5,170631247,170631748,502
chr5,176969898,176970381,484
chr5,176974585,176975084,500
chr6,9698132,9698575,444
chr6,9707353,9707907,555
chr6,9716477,9716995,519
chr6,9717012,9717497,486
chr6,15983488,15983962,475
chr6,15986642,15987150,509
chr6,29015227,29015697,471
chr6,29038441,29038928,488
chr6,30551916,30552388,473
chr6,30557419,30557894,476
chr6,30558784,30559259,476
chr6,30849157,30849659,503
chr6,30854127,30854587,461
chr6,30860773,30861251,479
chr6,30863036,30863476,441
chr6,30865566,30866095,530
chr6,30889261,30889801,541
chr6,30891116,30891643,528
chr6,31593194,31593744,551
chr6,31604237,31604763,527
chr6,31609884,31610359,476
chr6,31611778,31612322,545
chr6,31934816,31935364,549
chr6,31938647,31939152,506
chr6,31940196,31940688,493
chr6,32116111,32116655,545
chr6,32120966,32121450,485
chr6,32944316,32944780,465
chr6,32947434,32947952,519
chr6,32951246,32951726,481
chr6,33273074,33273565,492
chr6,33283276,33283765,490
chr6,33286725,33287187,463
chr6,33291545,33292007,463
chr6,36072487,36072988,502
chr6,36076395,36076916,522
chr6,36079156,36079684,529
chr6,39073027,39073489,463
chr6,39079702,39080182,481
chr6,39080291,39080803,513
chr6,42984743,42985284,542
chr6,43141410,43141889,480
chr6,43148029,43148568,540
chr6,43154647,43155187,541
chr6,43296106,43296660,555
chr6,43299203,43299670,468
chr6,43308379,43308869,491
chr6,45430720,45431259,540
chr6,45437934,45438471,538
chr6,45448909,45449440,532
chr6,46674488,46674987,500
chr6,46675645,46676129,485
chr6,46678922,46679403,482
chr6,83933443,83933915,473
chr6,83935029,83935527,499
chr6,83936315,83936804,490
chr6,87967206,87967732,527
chr6,87968925,87969476,552
chr6,87971193,87971652,460
chr6,87971709,87972183,475
chr6,87972340,87972888,549
chr6,89793445,89793929,485
chr6,89808273,89808784,512
chr6,89814831,89815296,466
chr6,89816303,89816845,543
chr6,90571837,90572336,500
chr6,90572338,90572786,449
chr6,90575886,90576377,492
chr6,90598878,90599342,465
chr6,100656579,100657057,479
chr6,100675302,100675860,559
chr6,100679069,100679543,475
chr6,106545229,106545764,536
chr6,106551593,106552080,488
chr6,106554799,106555342,544
chr6,106633661,106634166,506
chr6,106636115,106636615,501
chr6,106640671,106641171,501
chr6,109322798,109323280,483
chr6,109323282,109323784,503
chr6,109331239,109331705,467
chr7,28993580,28994070,491
chr7,28995495,28996015,521
chr7,28996336,28996854,519
chr7,33312390,33312892,503
chr7,42252912,42253430,519
chr7,42262141,42262619,479
chr7,42263920,42264434,515
chr7,42267979,42268517,539
chr7,44921075,44921537,463
chr7,62813198,62813737,540
chr7,62814209,62814759,551
chr7,62854111,62854661,551
chr7,62855133,62855672,540
chr7,69840472,69840986,515
chr7,69848252,69848803,552
chr7,69882041,69882537,497
chr7,69891453,69891968,516
chr7,69893362,69893849,488
chr7,70022196,70022733,538
chr7,70039598,70040095,498
chr7,70040483,70041036,554
chr7,91323361,91323869,509
chr7,91739264,91739801,538
chr7,94245534,94246030,497
chr7,94248288,94248772,485
chr7,94258967,94259443,477
chr7,96643488,96643972,485
chr7,96645651,96646179,529
chr7,96653440,96653948,509
chr7,102579823,102580340,518
chr7,114054421,114054920,500
chr7,114055684,114056225,542
chr7,114056966,114057457,492
chr7,114270487,114270928,442
chr7,114296692,114297201,510
chr7,114297203,114297696,494
chr7,116400532,116401024,493
chr7,116422179,116422631,453
chr7,116955534,116956057,524
chr7,116961520,116962021,502
chr7,116965508,116966018,511
chr7,119912007,119912505,499
chr7,119914624,119915159,536
chr7,119931445,119931940,496
chr7,127638182,127638657,476
chr7,127643298,127643811,514
chr7,127646682,127647204,523
chr7,127647302,127647775,474
chr7,127657437,127657941,505
chr7,127666567,127667036,470
chr7,127990540,127991002,463
chr7,127996386,127996936,551
chr7,148767414,148767880,467
chr7,148768017,148768503,487
chr7,150217249,150217807,559
chr7,150932111,150932658,548
chr7,150933557,150934090,534
chr7,150935183,150935640,458
chr7,150936558,150937036,479
chr7,150944390,150944930,541
chr7,154719304,154719827,524
chr7,154735323,154735787,465
chr8,38110198,38110706,509
chr8,38118411,38118873,463
chr8,38127210,38127767,558
chr8,38173689,38174202,514
chr8,38179813,38180275,463
chr8,38187252,38187743,492
chr8,38188818,38189257,440
chr8,57073086,57073569,484
chr8,57074688,57075143,456
chr8,57077018,57077513,496
chr8,59737597,59738136,540
chr8,59745095,59745621,527
chr8,59746397,59746919,523
chr8,64122353,64122903,551
chr8,64123115,64123666,552
chr8,64123668,64124212,545
chr8,64878813,64879310,498
chr8,64889313,64889869,557
chr8,72270589,72271106,518
chr8,72271407,72271890,484
chr8,72272019,72272458,440
chr8,80872979,80873506,528
chr8,80875463,80876007,545
chr8,80876017,80876490,474
chr8,81721891,81722430,540
chr8,81733478,81733946,469
chr8,81743952,81744449,498
chr8,96152417,96152909,493
chr8,96166444,96166955,512
chr8,96171959,96172489,531
chr8,96179146,96179640,495
chr9,19331766,19332296,531
chr9,32540522,32541033,512
chr9,32543279,32543835,557
chr9,35792538,35793084,547
chr9,35801559,35802091,533
chr9,35805259,35805722,464
chr9,35805794,35806304,511
chr9,82268623,82269131,509
chr9,82273239,82273747,509
chr9,82278596,82279053,458
chr9,82285134,82285621,488
chr9,86713461,86714001,541
chr9,86714396,86714916,521
chr9,96313110,96313623,514
chr9,96326650,96327117,468
chr9,102317705,102318253,549
chr9,102322003,102322512,510
chr9,109683084,109683543,460
chr9,109685174,109685651,478
chr9,109687860,109688404,545
chr9,109690503,109691031,529
chr9,109691729,109692172,444
chr9,113703958,113704484,527
chr9,113704486,113704985,500
chr9,126766707,126767231,525
chr9,126774628,126775110,483
chr9,126777633,126778104,472
chr9,128524697,128525242,546
chr9,128532991,128533476,486
chr9,128533560,128534032,473
chr9,128640717,128641190,474
chr9,128648771,128649245,475
chr9,128656882,128657395,514
chr9,128658790,128659269,480
chr9,128674357,128674904,548
chr9,128682857,128683326,470
chr9,128691873,128692369,497
chr9,128719499,128720038,540
chr9,128727286,128727743,458
chr9,128728396,128728886,491
chr10,70190166,70190608,443
chr10,70191953,70192462,510
chr10,75550961,75551405,445
chr10,75551717,75552246,530
chr10,75557886,75558343,458
chr10,75562895,75563427,533
chr10,88659465,88659959,495
chr10,88678749,88679230,482
chr10,89717512,89718026,515
chr10,89725690,89726184,495
chr10,89729351,89729880,530
chr10,96480249,96480761,513
chr10,96489774,96490306,533
chr10,96507309,96507752,444
chr10,98717815,98718303,489
chr10,98719100,98719571,472
chr10,98719572,98720119,548
chr10,98722482,98722984,503
chr10,98723023,98723493,471
chr10,102732378,102732859,482
chr10,102748691,102749184,494
chr10,103200561,103201106,546
chr10,103204565,103205091,527
chr10,103205363,103205873,511
chr10,103211435,103211940,506
chr10,103531670,103532118,449
chr10,103537923,103538439,517
chr10,103545363,103545803,441
chr10,103553385,103553889,505
chr10,103554879,103555437,559
chr10,103864158,103864616,459
chr10,103867801,103868305,505
chr10,103869059,103869545,487
chr10,103872323,103872865,543
chr10,105035213,105035731,519
chr10,105048524,105048999,476
chr10,114713718,114714206,489
chr10,114714774,114715306,533
chr10,114719933,114720450,518
chr10,114919635,114920088,454
chr10,119044583,119045043,461
chr10,119046685,119047220,536
chr10,119061608,119062127,520
chr10,122611675,122612169,495
chr10,122637551,122638022,472
chr11,6740521,6741046,526
chr11,16313762,16314215,454
chr11,16316257,16316782,526
chr11,16319159,16319676,518
chr11,16321806,16322342,537
chr11,16348865,16349320,456
chr11,16475190,16475716,527
chr11,16490747,16491211,465
chr11,16491452,16491943,492
chr11,18502041,18502568,528
chr11,31789974,31790510,537
chr11,33249694,33250166,473
chr11,33256357,33256850,494
chr11,43456140,43456618,479
chr11,43457184,43457656,473
chr11,43465323,43465841,519
chr11,47021565,47022056,492
chr11,47032878,47033403,526
chr11,47593637,47594080,444
chr11,47598987,47599539,553
chr11,47741209,47741691,483
chr11,47751714,47752153,440
chr11,47753388,47753862,475
chr11,47753864,47754387,524
chr11,61171148,61171652,505
chr11,61172600,61173109,510
chr11,61183472,61183980,509
chr11,62378885,62379399,515
chr11,62381653,62382162,510
chr11,62394245,62394691,447
chr11,66433659,66434157,499
chr11,66443927,66444442,516
chr11,73778071,73778567,497
chr11,73786666,73787177,512
chr11,86662122,86662671,550
chr11,86663954,86664490,537
chr11,86669727,86670188,462
chr11,110447726,110448242,517
chr11,110450717,110451198,482
chr11,110454314,110454815,502
chr12,414559,415067,509
chr12,4896648,4897145,498
chr12,4905219,4905689,471
chr12,8929843,8930394,552
chr12,8930602,8931144,543
chr12,14939981,14940535,555
chr12,14952431,14952918,488
chr12,14959038,14959539,502
chr12,17031642,17032197,556
chr12,17035144,17035686,543
chr12,17035688,17036169,482
chr12,49363823,49364336,514
chr12,49364690,49365148,459
chr12,49371900,49372384,485
chr12,49418315,49418807,493
chr12,49427839,49428369,531
chr12,49434999,49435525,527
chr12,50019984,50020429,446
chr12,50028052,50028579,528
chr12,50035999,50036524,526
chr12,50036824,50037276,453
chr12,50467548,50468079,532
chr12,50472222,50472671,450
chr12,50480871,50481382,512
chr12,53910277,53910751,475
chr12,53916893,53917333,441
chr12,53918290,53918837,548
chr12,53926828,53927321,494
chr12,53928202,53928662,461
chr12,53937620,53938124,505
chr12,54365438,54365881,444
chr12,54375335,54375803,469
chr12,54376944,54377421,478
chr12,54379679,54380236,558
chr12,54380253,54380754,502
chr12,54382733,54383231,499
chr12,56351424,56351897,474
chr12,56364663,56365107,445
chr12,56472910,56473431,522
chr12,56618908,56619378,471
chr12,56622570,56623040,471
chr12,56632160,56632601,442
chr12,56633050,56633538,489
chr12,56635233,56635790,558
chr12,56635923,56636417,495
chr12,56636781,56637224,444
chr12,56710814,56711275,462
chr12,56712827,56713302,476
chr12,56718774,56719277,504
chr12,56726682,56727160,479
chr12,57665859,57666361,503
chr12,57666449,57666900,452
chr12,57683152,57683630,479
chr12,89850426,89850955,530
chr12,89857446,89857975,530
chr12,89866063,89866606,544
chr12,94691031,94691506,476
chr12,94694391,94694863,473
chr12,94698239,94698705,467
chr12,94699324,94699810,487
chr12,105560191,105560711,521
chr12,105566321,105566799,479
chr12,106882424,106882961,538
chr12,106883736,106884204,469
chr12,112490216,112490760,545
chr12,112684578,112685040,463
chr12,112688537,112689027,491
chr12,112693867,112694377,511
chr12,112720804,112721293,490
chr12,112721295,112721744,450
chr13,32910779,32911264,486
chr13,38874019,38874577,559
chr13,38877899,38878343,445
chr13,49833185,49833708,524
chr13,49841775,49842295,521
chr13,49848086,49848540,455
chr13,96272970,96273477,508
chr13,96276776,96277283,508
chr13,96295212,96295707,496
chr14,29685561,29686061,501
chr14,29686063,29686562,500
chr14,29691137,29691654,518
chr14,29922681,29923155,475
chr14,29923399,29923886,488
chr14,29928826,29929280,455
chr14,29929282,29929795,514
chr14,29933180,29933661,482
chr14,30267356,30267845,490
chr14,30268087,30268569,483
chr14,30607742,30608273,532
chr14,30628358,30628810,453
chr14,36004209,36004653,445
chr14,36010612,36011104,493
chr14,36017420,36017884,465
chr14,36021444,36021925,482
chr14,36025804,36026300,497
chr14,36026521,36026972,452
chr14,36027818,36028294,477
chr14,36814525,36815012,488
chr14,36815014,36815525,512
chr14,36819927,36820398,472
chr14,36962521,36963023,503
chr14,36988416,36988940,525
chr14,36989799,36990297,499
chr14,45523438,45523953,516
chr14,45536953,45537488,536
chr14,50891447,50891915,469
chr14,50894117,50894591,475
chr14,50906385,50906865,481
chr14,50906994,50907487,494
chr14,58840079,58840621,543
chr14,61111316,61111842,527
chr14,61115602,61116097,496
chr14,61116826,61117302,477
chr14,61125558,61126035,478
chr14,62550747,62551262,516
chr14,62569197,62569675,479
chr14,69927193,69927714,522
chr14,69928578,69929101,524
chr14,70989314,70989821,508
chr14,70990744,70991222,479
chr14,72171241,72171793,553
chr14,72171832,72172309,478
chr14,72177941,72178415,475
chr14,77605669,77606194,526
chr14,85981483,85982004,522
chr14,85982323,85982841,519
chr14,86003432,86003941,510
chr14,90754529,90755041,513
chr14,90758917,90759382,466
chr14,90768912,90769421,510
chr14,92470571,92471081,511
chr14,92473962,92474430,469
chr14,92480258,92480777,520
chr14,92488081,92488590,510
chr14,94724622,94725102,481
chr14,94730935,94731483,549
chr14,94734380,94734838,459
chr14,97000794,97001326,533
chr14,97008300,97008784,485
chr14,97013901,97014350,450
chr15,22866528,22867050,523
chr15,23812034,23812537,504
chr15,30000679,30001126,448
chr15,30025036,30025572,537
chr15,43654405,43654913,509
chr15,43660975,43661420,446
chr15,43662362,43662811,450
chr15,45782696,45783205,510
chr15,45796194,45796671,478
chr15,45802786,45803266,481
chr15,49281731,49282284,554
chr15,49283594,49284141,548
chr15,51390262,51390754,493
chr15,51398647,51399122,476
chr15,59179412,59179941,530
chr15,59182366,59182846,481
chr15,59189139,59189602,464
chr15,62761606,62762117,512
chr15,62764989,62765545,557
chr15,62770685,62771239,555
chr15,62775354,62775794,441
chr15,64746345,64746792,448
chr15,64746930,64747452,523
chr15,64747626,64748162,537
chr15,64755744,64756284,541
chr15,96880557,96881019,463
chr15,96881569,96882082,514
chr15,96888651,96889180,530
chr16,14280435,14280954,520
chr16,14290349,14290808,460
chr16,14296509,14296997,489
chr16,14302123,14302676,554
chr16,30123447,30123981,535
chr16,30129435,30129884,450
chr16,30133151,30133632,482
chr16,30785872,30786322,451
chr16,30793556,30793999,444
chr16,30795649,30796151,503
chr16,31089405,31089904,500
chr16,31105729,31106174,446
chr16,51784313,51784803,491
chr16,51786353,51786901,549
chr16,51789440,51789992,553
chr16,51793741,51794183,443
chr16,51801315,51801818,504
chr16,53634314,53634798,485
chr16,53639443,53639932,490
chr16,53686284,53686767,484
chr16,53692035,53692498,464
chr16,53692594,53693103,510
chr16,53696174,53696711,538
chr16,62671145,62671664,520
chr16,62673879,62674346,468
chr16,69590466,69590985,520
chr16,69595582,69596127,546
chr16,71885033,71885569,537
chr16,71895552,71896097,546
chr16,71901689,71902141,453
chr17,7058305,7058771,467
chr17,7060011,7060508,498
chr17,7740103,7740605,503
chr17,7748624,7749110,487
chr17,7757281,7757724,444
chr17,10606450,10606916,467
chr17,10609679,10610158,480
chr17,10614061,10614616,556
chr17,16051466,16051946,481
chr17,16054690,16055218,529
chr17,16061875,16062374,500
chr17,26521466,26521971,506
chr17,27869567,27870104,538
chr17,27871672,27872215,544
chr17,27878600,27879093,494
chr17,27938867,27939318,452
chr17,27941278,27941775,498
chr17,27957929,27958427,499
chr17,28791632,28792155,524
chr17,28793428,28793893,466
chr17,28794608,28795095,488
chr17,33585612,33586083,472
chr17,33591311,33591818,508
chr17,33738454,33738956,503
chr17,35656557,35657025,469
chr17,35657354,35657888,535
chr17,35981201,35981738,538
chr17,35992679,35993231,553
chr17,37686613,37687093,481
chr17,37687235,37687722,488
chr17,37704995,37705478,484
chr17,37748165,37748631,467
chr17,37767553,37768078,526
chr17,38349170,38349705,536
chr17,38351073,38351536,464
chr17,39911527,39912070,544
chr17,39914484,39914947,464
chr17,39920865,39921361,497
chr17,43323177,43323671,495
chr17,43324031,43324548,518
chr17,44663820,44664351,532
chr17,44798138,44798608,471
chr17,44803888,44804366,479
chr17,44804767,44805284,518
chr17,44811329,44811796,468
chr17,44828656,44829180,525
chr17,44830586,44831123,538
chr17,44849630,44850134,505
chr17,46113860,46114385,526
chr17,46131394,46131895,502
chr17,46380648,46381171,524
chr17,46388083,46388641,559
chr17,46390549,46391077,529
chr17,46400873,46401312,440
chr17,46669852,46670354,503
chr17,46670728,46671180,453
chr17,46675283,46675779,497
chr17,47730006,47730466,461
chr17,47754535,47755015,481
chr17,47758867,47759380,514
chr17,53233045,53233540,496
chr17,53235624,53236098,475
chr17,53238230,53238724,495
chr17,56084257,56084726,470
chr17,56431744,56432277,534
chr17,56440661,56441202,542
chr17,56442970,56443438,469
chr17,56455093,56455539,447
chr17,60003649,60004198,550
chr17,60020671,60021145,475
chr17,60022055,60022501,447
chr17,69323694,69324204,511
chr17,69325367,69325869,503
chr18,9281442,9281990,549
chr18,9281992,9282466,475
chr18,9283260,9283763,504
chr18,24033593,24034082,490
chr18,24035593,24036069,477
chr18,24039490,24040010,521
chr18,30571932,30572434,503
chr18,30585894,30586362,469
chr18,30692835,30693386,552
chr18,30703771,30704213,443
chr18,30715898,30716426,529
chr18,45394345,45394876,532
chr18,45419813,45420310,498
chr18,53074353,53074876,524
chr18,53089674,53090215,542
chr18,56943340,56943811,472
chr18,56965487,56965961,475
chr18,56969189,56969667,479
chr18,70299410,70299929,520
chr18,70310095,70310545,451
chr18,70314656,70315138,483
chr18,72345393,72345848,456
chr18,72345973,72346514,542
chr18,72348895,72349453,559
chr18,72357632,72358159,528
chr19,6750149,6750700,552
chr19,6752519,6753051,533
chr19,6772652,6773093,442
chr19,12299622,12300109,488
chr19,12637708,12638228,521
chr19,12638286,12638814,529
chr19,37617982,37618477,496
chr19,37726720,37727184,465
chr19,37733496,37733998,503
chr19,37734000,37734556,557
chr19,39332173,39332691,519
chr19,39333062,39333597,536
chr19,39333599,39334046,448
chr19,41118911,41119445,535
chr19,41128494,41128973,480
chr19,47404971,47405481,511
chr19,47406896,47407365,470
chr19,47422371,47422889,519
chr19,47425173,47425707,535
chr19,47429837,47430326,490
chr19,50864104,50864598,495
chr19,58215884,58216378,495
chr20,30897510,30897990,481
chr20,30898271,30898747,477
chr20,34326648,34327200,553
chr20,34327211,34327681,471
chr20,34328305,34328816,512
chr20,37147540,37148041,502
chr20,37148553,37149072,520
chr20,37153346,37153871,526
chr20,37155619,37156074,456
chr20,47700288,47700790,503
chr20,47705738,47706225,488
chr20,47711211,47711714,504
chr20,58443071,58443627,557
chr20,58448864,58449383,520
chr20,58466954,58467461,508
chr21,34106244,34106723,480
chr21,34109264,34109790,527
chr21,44521295,44521762,468
chr21,44521832,44522319,488
chr21,44526324,44526794,471
chr22,28333305,28333767,463
chr22,31722858,31723345,488
chr22,31725168,31725633,466
chr22,31731565,31732097,533
chr22,31737260,31737760,501
chrX,6880335,6880836,502
chrX,6894775,6895276,502
chrX,12734823,12735320,498
chrX,12736657,12737145,489
chrX,12738874,12739412,539
chrX,21670250,21670752,503
chrX,21670981,21671473,493
chrX,21671923,21672390,468
chrX,21674394,21674898,505
chrX,21881570,21882064,495
chrX,21883428,21883910,483
chrX,21886339,21886839,501
chrX,21887330,21887862,533
chrX,39870473,39870983,511
chrX,47495257,47495773,517
chrX,47497049,47497533,485
chrX,47518148,47518672,525
chrX,48891969,48892468,500
chrX,49714522,49715006,485
chrX,49716325,49716829,505
chrX,50119017,50119506,490
chrX,50121324,50121842,519
chrX,50124858,50125335,478
chrX,50376931,50377435,505
chrX,50385932,50386447,516
chrX,50386706,50387161,456
chrX,53223267,53223777,511
chrX,53230640,53231116,477
chrX,53243645,53244130,486
chrX,53246019,53246494,476
chrX,54094643,54095199,557
chrX,54095995,54096466,472
chrX,54114108,54114582,475
chrX,54265050,54265541,492
chrX,55515414,55515890,477
chrX,55516142,55516626,485
chrX,55779279,55779744,466
chrX,55779746,55780195,450
chrX,55781458,55781918,461
chrX,55784429,55784928,500
chrX,56310643,56311132,490
chrX,56317425,56317947,523
chrX,64723986,64724477,492
chrX,64727154,64727633,480
chrX,64734534,64734978,445
chrX,64950614,64951056,443
chrX,64951486,64951991,506
chrX,64959580,64960125,546
chrX,67290593,67291103,511
chrX,67304497,67305020,524
chrX,69638167,69638625,459
chrX,69639240,69639697,458
chrX,69642828,69643340,513
chrX,69652090,69652612,523
chrX,69665145,69665697,553
chrX,69666380,69666891,512
chrX,69674020,69674464,445
chrX,69678536,69679063,528
chrX,70328021,70328504,484
chrX,70343847,70344315,469
chrX,70347744,70348286,543
chrX,70348538,70349021,484
chrX,70352122,70352591,470
chrX,70363875,70364423,549
chrX,70596940,70597460,521
chrX,70597928,70598371,444
chrX,71352355,71352843,489
chrX,71359266,71359779,514
chrX,71364854,71365346,493
chrX,73960994,73961538,545
chrX,73962399,73962854,456
chrX,73963096,73963599,504
chrX,74373831,74374343,513
chrX,74524674,74525188,515
chrX,74546838,74547302,465
chrX,76923829,76924293,465
chrX,76931462,76931982,521
chrX,76934261,76934751,491
chrX,76936941,76937485,545
chrX,76949014,76949552,539
chrX,77112481,77113006,526
chrX,77127844,77128317,474
chrX,80060572,80061084,513
chrX,80064283,80064829,547
chrX,99659927,99660450,524
chrX,99663042,99663523,482
chrX,99672612,99673062,451
chrX,100742273,100742795,523
chrX,100743281,100743787,507
chrX,100743889,100744371,483
chrX,100745826,100746319,494
chrX,106016095,106016554,460
chrX,106018307,106018856,550
chrX,106845344,106845885,542
chrX,106845887,106846408,522
chrX,106846527,106846969,443
chrX,106850195,106850712,518
chrX,106850714,106851200,487
chrX,107074061,107074527,467
chrX,107084285,107084798,514
chrX,109290365,109290920,556
chrX,109310438,109310924,487
chrX,109440051,109440495,445
chrX,109443423,109443924,502
chrX,109446070,109446531,462
chrX,109449910,109450352,443
chrX,109452066,109452559,494
chrX,109459611,109460094,484
chrX,109466043,109466563,521
chrX,111321786,111322311,526
chrX,111322430,111322922,493
chrX,111324539,111324999,461
chrX,111327753,111328238,486
chrX,114464156,114464701,546
chrX,114467346,114467863,518
chrX,114474771,114475270,500
chrX,119671790,119672338,549
chrX,119688526,119689012,487
chrX,119693092,119693563,472
chrX,119738255,119738735,481
chrX,119738944,119739448,505
chrX,119746035,119746515,481
chrX,119748720,119749220,501
chrX,122613670,122614219,550
chrX,122625566,122626037,472
chrX,123171119,123171656,538
chrX,123172486,123172987,502
chrX,123175960,123176488,529
chrX,129928154,129928628,475
chrX,130407829,130408359,531
chrX,130657134,130657664,531
chrX,131028775,131029289,515
chrX,131035534,131036092,559
chrX,134421044,134421579,536
chrX,134425015,134425521,507
chrX,134427175,134427639,465
chrX,135728691,135729225,535
chrX,135740291,135740799,509
chrX,135747290,135747810,521
chrX,135955295,135955827,533
chrX,135956726,135957240,515
chrX,136649589,136650077,489
chrX,136654371,136654831,461
chrX,136660389,136660829,441
chrX,136675201,136675686,486
chrX,138914302,138914788,487
chrX,138915064,138915567,504
chrX,138922248,138922761,514
chrX,138924457,138924955,499
chrX,138927437,138927898,462
chrX,139380257,139380740,484
chrX,139381036,139381503,468
chrX,149150654,149151187,534
chrX,149151946,149152426,481
chrX,153941344,153941825,482
chrX,154305130,154305660,531
