PCS length (L),Number of PCS of Length L
0,0
1,26347
2,28844
3,39273
4,36363
5,36026
6,38075
7,39207
8,40409
9,40705
10,42538
11,43526
12,44627
13,45687
14,47426
15,47438
16,45956
17,46023
18,43733
19,43910
20,41549
21,38705
22,40297
23,38242
24,38767
25,37697
26,34809
27,35469
28,33511
29,34665
30,33510
31,30472
32,31421
33,30221
34,31644
35,30939
36,29374
37,29329
38,28240
39,29079
40,28289
41,27063
42,26308
43,25595
44,25338
45,24980
46,24706
47,24076
48,23925
49,23273
50,23087
51,22743
52,23071
53,22217
54,22023
55,21611
56,21508
57,21644
58,21215
59,20935
60,20681
61,20733
62,20345
63,20450
64,20261
65,20006
66,19719
67,19683
68,19707
69,19708
70,19532
71,19478
72,19511
73,19198
74,19387
75,19098
76,18793
77,18991
78,19021
79,19100
80,19073
81,18550
82,18373
83,17906
84,18029
85,17906
86,18180
87,17721
88,17750
89,17797
90,17925
91,17912
92,17625
93,17852
94,17318
95,17595
96,17609
97,17454
98,17609
99,17418
100,17556
101,17481
102,17371
103,17559
104,17567
105,17846
106,17881
107,18574
108,17855
109,18025
110,17700
111,18184
112,17548
113,17702
114,17647
115,17763
116,18165
117,19172
118,20661
119,19786
120,19738
121,18352
122,18196
123,18379
124,19310
125,19984
126,21582
127,19773
128,19896
129,18227
130,18320
131,19042
132,19346
133,19180
134,18106
135,17702
136,17310
137,16769
138,16466
139,16166
140,16208
141,16277
142,16067
143,15852
144,15543
145,15448
146,15321
147,15450
148,15100
149,15451
150,15127
151,15152
152,15032
153,15283
154,15439
155,15716
156,15840
157,15735
158,15795
159,15585
160,15829
161,15955
162,16294
163,16074
164,15970
165,15679
166,15719
167,15586
168,15467
169,15176
170,14976
171,15026
172,14677
173,14462
174,14519
175,14343
176,14269
177,13765
178,13578
179,13483
180,13090
181,13057
182,12857
183,12611
184,12598
185,12479
186,12578
187,12227
188,12198
189,11695
190,11607
191,11550
192,11259
193,11096
194,10958
195,11001
196,10682
197,10686
198,10633
199,10423
200,10566
201,10431
202,10494
203,10271
204,10400
205,10241
206,10239
207,10121
208,10079
209,10127
210,9961
211,9925
212,9742
213,9747
214,9633
215,9579
216,9494
217,9570
218,9557
219,9352
220,9333
221,9246
222,8951
223,9042
224,8927
225,8850
226,8933
227,8723
228,8597
229,8857
230,8430
231,8490
232,8388
233,8138
234,8100
235,8377
236,8084
237,8191
238,7970
239,7929
240,7800
241,7836
242,7708
243,7727
244,7763
245,7567
246,7508
247,7241
248,7473
249,7304
250,7251
251,7243
252,7147
253,7291
254,7176
255,7096
256,6963
257,7168
258,7121
259,7020
260,7130
261,7136
262,7250
263,7296
264,7344
265,7169
266,7530
267,7328
268,7417
269,7504
270,7568
271,7702
272,8003
273,8490
274,8745
275,8861
276,9247
277,9902
278,10780
279,12590
280,15192
281,18307
282,19594
283,15587
284,13871
285,13164
286,13195
287,13284
288,13640
289,14465
290,14849
291,15413
292,16254
293,16845
294,16965
295,17673
296,17757
297,17390
298,16707
299,15998
300,15342
301,14425
302,13691
303,13097
304,12205
305,11745
306,11152
307,10414
308,10071
309,9653
310,9257
311,8658
312,8231
313,7166
314,6534
315,6333
316,5948
317,5596
318,5433
319,5232
320,5033
321,5125
322,5108
323,4995
324,4907
325,4793
326,4844
327,4891
328,4718
329,4854
330,4712
331,4618
332,4581
333,4611
334,4527
335,4621
336,4644
337,4466
338,4412
339,4283
340,4420
341,4373
342,4272
343,4381
344,4327
345,4247
346,4370
347,4298
348,4173
349,4130
350,4223
351,4218
352,4257
353,4326
354,4423
355,4503
356,4369
357,4376
358,4337
359,4325
360,4283
361,4352
362,4431
363,4393
364,4359
365,4208
366,4235
367,4109
368,4067
369,3966
370,3864
371,3823
372,3914
373,3888
374,3805
375,3831
376,3878
377,3825
378,3765
379,3690
380,3683
381,3619
382,3552
383,3538
384,3539
385,3576
386,3508
387,3518
388,3389
389,3487
390,3316
391,3400
392,3362
393,3427
394,3236
395,3349
396,3369
397,3381
398,3340
399,3364
400,3241
401,3199
402,3285
403,3240
404,3305
405,3197
406,3221
407,3267
408,3264
409,3174
410,3333
411,3228
412,3075
413,3145
414,3186
415,3177
416,3201
417,3173
418,3202
419,3041
420,3102
421,3117
422,3071
423,3093
424,3049
425,3066
426,3071
427,3055
428,3028
429,3069
430,2974
431,2992
432,2934
433,2872
434,2909
435,2948
436,2913
437,2926
438,2770
439,2839
440,2794
441,2911
442,2689
443,2687
444,2769
445,2707
446,2700
447,2690
448,2739
449,2659
450,2658
451,2673
452,2727
453,2631
454,2579
455,2555
456,2647
457,2547
458,2565
459,2490
460,2551
461,2521
462,2470
463,2523
464,2451
465,2464
466,2483
467,2418
468,2433
469,2447
470,2375
471,2385
472,2349
473,2355
474,2321
475,2282
476,2249
477,2180
478,2336
479,2165
480,2304
481,2321
482,2169
483,2152
484,2144
485,2287
486,2060
487,2273
488,2133
489,2221
490,2120
491,2110
492,2157
493,2094
494,2117
495,2159
496,2016
497,2073
498,2039
499,2073
500,1975
501,2008
502,2092
503,1965
504,2006
505,1917
506,2005
507,1938
508,1984
509,1948
510,1972
511,1975
512,1980
513,1969
514,1915
515,1972
516,1910
517,1943
518,1882
519,1851
520,1899
521,1888
522,1819
523,1814
524,1789
525,1816
526,1771
527,1791
528,1724
529,1807
530,1813
531,1795
532,1740
533,1740
534,1716
535,1739
536,1730
537,1732
538,1716
539,1637
540,1752
541,1616
542,1695
543,1638
544,1591
545,1608
546,1662
547,1655
548,1602
549,1638
550,1606
551,1582
552,1658
553,1604
554,1637
555,1499
556,1511
557,1575
558,1526
559,1509
560,1446
561,1502
562,1482
563,1518
564,1457
565,1456
566,1496
567,1477
568,1433
569,1456
570,1386
571,1439
572,1381
573,1461
574,1413
575,1443
576,1484
577,1396
578,1373
579,1398
580,1334
581,1336
582,1396
583,1422
584,1334
585,1325
586,1289
587,1363
588,1371
589,1366
590,1338
591,1372
592,1348
593,1322
594,1273
595,1422
596,1300
597,1266
598,1274
599,1254
600,1257
601,1304
602,1237
603,1316
604,1243
605,1230
606,1298
607,1288
608,1311
609,1271
610,1263
611,1219
612,1278
613,1268
614,1283
615,1213
616,1209
617,1157
618,1147
619,1192
620,1192
621,1203
622,1140
623,1224
624,1177
625,1165
626,1158
627,1176
628,1137
629,1105
630,1131
631,1116
632,1092
633,1073
634,1197
635,1204
636,1116
637,1131
638,1077
639,1141
640,1098
641,1080
642,1060
643,1043
644,972
645,1020
646,1036
647,1075
648,1027
649,1068
650,997
651,1154
652,1098
653,1019
654,1089
655,1043
656,1060
657,1081
658,1073
659,1027
660,1028
661,1005
662,1038
663,1100
664,1015
665,1057
666,997
667,1061
668,946
669,1027
670,1005
671,1022
672,1013
673,953
674,958
675,983
676,1011
677,1017
678,967
679,991
680,965
681,939
682,1012
683,934
684,937
685,992
686,983
687,987
688,941
689,936
690,930
691,959
692,925
693,941
694,932
695,909
696,901
697,892
698,920
699,946
700,891
701,898
702,829
703,870
704,885
705,918
706,849
707,819
708,876
709,865
710,826
711,860
712,879
713,828
714,817
715,820
716,876
717,890
718,861
719,835
720,817
721,791
722,876
723,807
724,841
725,836
726,843
727,875
728,740
729,826
730,786
731,805
732,765
733,758
734,819
735,772
736,807
737,779
738,779
739,788
740,758
741,791
742,809
743,760
744,763
745,725
746,800
747,771
748,802
749,775
750,738
751,731
752,748
753,782
754,790
755,736
756,781
757,787
758,723
759,755
760,742
761,797
762,718
763,766
764,705
765,715
766,729
767,751
768,751
769,755
770,661
771,692
772,725
773,668
774,704
775,661
776,719
777,732
778,662
779,740
780,663
781,679
782,676
783,662
784,663
785,690
786,632
787,669
788,651
789,672
790,658
791,708
792,631
793,602
794,636
795,671
796,631
797,671
798,618
799,609
800,633
801,639
802,633
803,647
804,632
805,583
806,634
807,592
808,583
809,580
810,557
811,592
812,593
813,648
814,587
815,604
816,640
817,640
818,575
819,604
820,612
821,565
822,567
823,605
824,619
825,641
826,599
827,604
828,610
829,582
830,632
831,596
832,571
833,609
834,592
835,572
836,568
837,617
838,618
839,624
840,616
841,633
842,617
843,634
844,643
845,576
846,646
847,606
848,594
849,662
850,587
851,616
852,602
853,573
854,600
855,556
856,562
857,583
858,528
859,582
860,521
861,516
862,549
863,565
864,546
865,480
866,479
867,518
868,526
869,503
870,499
871,477
872,541
873,492
874,470
875,473
876,521
877,475
878,466
879,523
880,436
881,500
882,449
883,467
884,476
885,475
886,466
887,476
888,460
889,496
890,470
891,466
892,444
893,474
894,443
895,481
896,461
897,413
898,452
899,451
900,423
901,420
902,416
903,412
904,449
905,438
906,433
907,425
908,442
909,402
910,431
911,472
912,387
913,407
914,411
915,416
916,416
917,398
918,404
919,439
920,412
921,423
922,389
923,400
924,417
925,419
926,406
927,378
928,404
929,422
930,386
931,404
932,388
933,388
934,401
935,450
936,423
937,405
938,387
939,370
940,405
941,389
942,416
943,389
944,396
945,410
946,370
947,391
948,361
949,398
950,380
951,400
952,383
953,394
954,384
955,369
956,380
957,392
958,373
959,361
960,368
961,369
962,382
963,369
964,375
965,380
966,386
967,374
968,348
969,382
970,366
971,381
972,377
973,372
974,374
975,361
976,354
977,354
978,374
979,369
980,354
981,369
982,338
983,367
984,374
985,330
986,329
987,351
988,314
989,324
990,370
991,359
992,320
993,339
994,319
995,333
996,364
997,328
998,331
999,353
1000,312
1001,341
1002,346
1003,320
1004,348
1005,349
1006,301
1007,314
1008,335
1009,333
1010,313
1011,315
1012,339
1013,318
1014,322
1015,275
1016,303
1017,319
1018,319
1019,292
1020,323
1021,306
1022,313
1023,312
1024,310
1025,317
1026,289
1027,334
1028,297
1029,317
1030,305
1031,328
1032,287
1033,298
1034,312
1035,314
1036,286
1037,272
1038,313
1039,253
1040,291
1041,261
1042,293
1043,281
1044,287
1045,281
1046,284
1047,285
1048,283
1049,282
1050,293
1051,289
1052,271
1053,259
1054,290
1055,280
1056,284
1057,270
1058,277
1059,259
1060,283
1061,274
1062,273
1063,258
1064,294
1065,262
1066,273
1067,288
1068,287
1069,268
1070,307
1071,275
1072,264
1073,265
1074,267
1075,284
1076,291
1077,272
1078,232
1079,268
1080,278
1081,236
1082,260
1083,268
1084,285
1085,250
1086,269
1087,239
1088,262
1089,255
1090,267
1091,250
1092,279
1093,269
1094,252
1095,250
1096,256
1097,256
1098,249
1099,259
1100,242
1101,237
1102,257
1103,234
1104,243
1105,250
1106,251
1107,212
1108,239
1109,250
1110,256
1111,235
1112,264
1113,228
1114,229
1115,241
1116,239
1117,234
1118,240
1119,198
1120,239
1121,262
1122,227
1123,221
1124,216
1125,237
1126,234
1127,197
1128,223
1129,236
1130,219
1131,225
1132,226
1133,227
1134,252
1135,205
1136,221
1137,255
1138,220
1139,242
1140,214
1141,217
1142,211
1143,215
1144,220
1145,200
1146,207
1147,214
1148,235
1149,196
1150,221
1151,201
1152,204
1153,211
1154,199
1155,210
1156,214
1157,209
1158,208
1159,197
1160,206
1161,200
1162,225
1163,206
1164,242
1165,232
1166,233
1167,225
1168,208
1169,185
1170,188
1171,227
1172,213
1173,220
1174,228
1175,202
1176,182
1177,194
1178,183
1179,200
1180,215
1181,198
1182,178
1183,196
1184,199
1185,196
1186,185
1187,197
1188,190
1189,186
1190,190
1191,189
1192,189
1193,193
1194,192
1195,189
1196,165
1197,188
1198,175
1199,193
1200,202
1201,198
1202,178
1203,167
1204,166
1205,180
1206,187
1207,183
1208,175
1209,188
1210,162
1211,175
1212,172
1213,188
1214,194
1215,186
1216,176
1217,153
1218,170
1219,196
1220,193
1221,181
1222,175
1223,157
1224,157
1225,197
1226,177
1227,161
1228,192
1229,161
1230,156
1231,180
1232,174
1233,173
1234,144
1235,193
1236,166
1237,167
1238,153
1239,186
1240,173
1241,188
1242,184
1243,160
1244,158
1245,169
1246,172
1247,142
1248,160
1249,149
1250,175
1251,171
1252,160
1253,154
1254,178
1255,164
1256,161
1257,155
1258,175
1259,167
1260,162
1261,137
1262,188
1263,145
1264,153
1265,151
1266,149
1267,159
1268,169
1269,163
1270,157
1271,161
1272,183
1273,142
1274,155
1275,173
1276,159
1277,151
1278,146
1279,162
1280,164
1281,149
1282,146
1283,142
1284,158
1285,151
1286,157
1287,170
1288,145
1289,174
1290,161
1291,151
1292,160
1293,148
1294,154
1295,164
1296,161
1297,151
1298,167
1299,128
1300,144
1301,142
1302,140
1303,141
1304,150
1305,141
1306,156
1307,158
1308,130
1309,122
1310,131
1311,148
1312,161
1313,114
1314,139
1315,141
1316,131
1317,139
1318,131
1319,132
1320,134
1321,134
1322,145
1323,144
1324,144
1325,119
1326,157
1327,145
1328,143
1329,148
1330,139
1331,138
1332,113
1333,146
1334,135
1335,129
1336,143
1337,151
1338,132
1339,137
1340,122
1341,131
1342,138
1343,127
1344,124
1345,148
1346,137
1347,146
1348,142
1349,128
1350,150
1351,111
1352,143
1353,126
1354,137
1355,137
1356,135
1357,140
1358,132
1359,133
1360,114
1361,123
1362,154
1363,138
1364,133
1365,133
1366,141
1367,99
1368,134
1369,129
1370,135
1371,117
1372,118
1373,117
1374,129
1375,123
1376,119
1377,119
1378,126
1379,119
1380,129
1381,140
1382,108
1383,115
1384,122
1385,128
1386,109
1387,112
1388,119
1389,120
1390,118
1391,135
1392,110
1393,121
1394,122
1395,116
1396,125
1397,135
1398,118
1399,135
1400,116
1401,124
1402,113
1403,102
1404,120
1405,116
1406,136
1407,112
1408,103
1409,128
1410,106
1411,127
1412,133
1413,111
1414,98
1415,103
1416,110
1417,104
1418,110
1419,108
1420,112
1421,114
1422,97
1423,110
1424,113
1425,122
1426,106
1427,115
1428,101
1429,109
1430,98
1431,111
1432,100
1433,132
1434,113
1435,103
1436,106
1437,103
1438,120
1439,103
1440,113
1441,107
1442,102
1443,107
1444,104
1445,98
1446,99
1447,130
1448,114
1449,98
1450,120
1451,125
1452,95
1453,100
1454,111
1455,99
1456,102
1457,103
1458,87
1459,94
1460,87
1461,89
1462,96
1463,101
1464,108
1465,110
1466,83
1467,108
1468,91
1469,100
1470,112
1471,95
1472,88
1473,108
1474,97
1475,68
1476,101
1477,100
1478,109
1479,112
1480,73
1481,111
1482,90
1483,101
1484,124
1485,93
1486,84
1487,96
1488,93
1489,93
1490,106
1491,113
1492,89
1493,81
1494,98
1495,107
1496,92
1497,95
1498,74
1499,93
1500,76
1501,81
1502,76
1503,93
1504,94
1505,89
1506,83
1507,90
1508,105
1509,89
1510,93
1511,92
1512,105
1513,73
1514,93
1515,118
1516,98
1517,87
1518,113
1519,99
1520,74
1521,93
1522,88
1523,89
1524,101
1525,91
1526,96
1527,85
1528,90
1529,86
1530,81
1531,110
1532,70
1533,74
1534,71
1535,72
1536,84
1537,60
1538,54
1539,77
1540,81
1541,96
1542,67
1543,85
1544,101
1545,66
1546,99
1547,82
1548,85
1549,83
1550,80
1551,83
1552,77
1553,73
1554,77
1555,85
1556,74
1557,71
1558,90
1559,72
1560,65
1561,81
1562,66
1563,67
1564,73
1565,67
1566,85
1567,85
1568,80
1569,78
1570,70
1571,76
1572,76
1573,81
1574,76
1575,73
1576,75
1577,86
1578,87
1579,79
1580,68
1581,69
1582,82
1583,68
1584,86
1585,74
1586,82
1587,77
1588,57
1589,71
1590,69
1591,73
1592,84
1593,68
1594,70
1595,76
1596,96
1597,63
1598,61
1599,70
1600,83
1601,73
1602,72
1603,65
1604,74
1605,81
1606,64
1607,74
1608,77
1609,86
1610,66
1611,61
1612,61
1613,64
1614,79
1615,74
1616,80
1617,74
1618,71
1619,57
1620,67
1621,73
1622,78
1623,65
1624,75
1625,69
1626,76
1627,76
1628,71
1629,62
1630,69
1631,68
1632,75
1633,48
1634,70
1635,69
1636,75
1637,62
1638,67
1639,57
1640,60
1641,71
1642,63
1643,72
1644,58
1645,53
1646,61
1647,66
1648,73
1649,81
1650,65
1651,64
1652,75
1653,55
1654,65
1655,53
1656,71
1657,61
1658,67
1659,62
1660,64
1661,66
1662,60
1663,77
1664,59
1665,58
1666,57
1667,56
1668,79
1669,71
1670,64
1671,59
1672,58
1673,50
1674,61
1675,68
1676,57
1677,72
1678,70
1679,44
1680,51
1681,65
1682,62
1683,68
1684,73
1685,65
1686,55
1687,57
1688,64
1689,51
1690,68
1691,50
1692,48
1693,43
1694,45
1695,78
1696,71
1697,63
1698,66
1699,58
1700,60
1701,53
1702,58
1703,51
1704,67
1705,60
1706,68
1707,50
1708,50
1709,66
1710,48
1711,41
1712,57
1713,56
1714,60
1715,62
1716,46
1717,59
1718,69
1719,63
1720,64
1721,55
1722,53
1723,52
1724,56
1725,75
1726,68
1727,51
1728,57
1729,56
1730,49
1731,50
1732,56
1733,54
1734,62
1735,46
1736,51
1737,49
1738,61
1739,57
1740,64
1741,42
1742,55
1743,48
1744,56
1745,44
1746,55
1747,49
1748,54
1749,55
1750,53
1751,55
1752,51
1753,61
1754,47
1755,53
1756,50
1757,31
1758,50
1759,62
1760,63
1761,48
1762,56
1763,54
1764,46
1765,45
1766,58
1767,52
1768,52
1769,47
1770,57
1771,51
1772,53
1773,47
1774,45
1775,48
1776,39
1777,46
1778,59
1779,60
1780,45
1781,49
1782,51
1783,53
1784,55
1785,51
1786,64
1787,59
1788,51
1789,55
1790,61
1791,57
1792,60
1793,64
1794,43
1795,53
1796,55
1797,67
1798,52
1799,62
1800,49
1801,53
1802,49
1803,44
1804,51
1805,46
1806,52
1807,68
1808,54
1809,44
1810,52
1811,48
1812,50
1813,38
1814,48
1815,43
1816,41
1817,46
1818,33
1819,38
1820,50
1821,47
1822,47
1823,32
1824,54
1825,45
1826,37
1827,46
1828,50
1829,44
1830,50
1831,41
1832,50
1833,42
1834,50
1835,48
1836,41
1837,42
1838,42
1839,51
1840,42
1841,43
1842,40
1843,48
1844,42
1845,33
1846,39
1847,38
1848,44
1849,37
1850,42
1851,49
1852,43
1853,44
1854,36
1855,52
1856,38
1857,44
1858,38
1859,45
1860,45
1861,39
1862,45
1863,46
1864,41
1865,43
1866,38
1867,40
1868,44
1869,50
1870,46
1871,49
1872,43
1873,39
1874,36
1875,40
1876,39
1877,51
1878,45
1879,32
1880,39
1881,55
1882,41
1883,39
1884,31
1885,36
1886,39
1887,37
1888,35
1889,42
1890,40
1891,35
1892,39
1893,39
1894,34
1895,30
1896,32
1897,35
1898,40
1899,33
1900,33
1901,31
1902,41
1903,31
1904,46
1905,22
1906,37
1907,47
1908,28
1909,28
1910,36
1911,38
1912,32
1913,28
1914,49
1915,36
1916,38
1917,36
1918,36
1919,45
1920,42
1921,43
1922,30
1923,33
1924,44
1925,32
1926,46
1927,39
1928,43
1929,31
1930,35
1931,49
1932,33
1933,39
1934,41
1935,38
1936,30
1937,38
1938,29
1939,42
1940,28
1941,35
1942,46
1943,30
1944,41
1945,35
1946,44
1947,31
1948,34
1949,33
1950,31
1951,33
1952,32
1953,31
1954,30
1955,43
1956,37
1957,35
1958,35
1959,32
1960,31
1961,29
1962,36
1963,36
1964,37
1965,34
1966,31
1967,39
1968,30
1969,40
1970,30
1971,38
1972,39
1973,30
1974,33
1975,32
1976,35
1977,29
1978,22
1979,32
1980,31
1981,27
1982,31
1983,43
1984,43
1985,25
1986,30
1987,30
1988,34
1989,36
1990,22
1991,38
1992,28
1993,34
1994,41
1995,25
1996,30
1997,28
1998,43
1999,24
2000,30
2001,30
2002,33
2003,23
2004,36
2005,28
2006,28
2007,28
2008,28
2009,31
2010,25
2011,32
2012,31
2013,26
2014,31
2015,36
2016,27
2017,41
2018,32
2019,34
2020,28
2021,37
2022,30
2023,40
2024,28
2025,43
2026,25
2027,30
2028,32
2029,24
2030,33
2031,36
2032,30
2033,24
2034,38
2035,35
2036,34
2037,35
2038,15
2039,33
2040,29
2041,29
2042,23
2043,28
2044,32
2045,28
2046,23
2047,24
2048,38
2049,37
2050,21
2051,32
2052,18
2053,26
2054,35
2055,18
2056,23
2057,22
2058,29
2059,27
2060,31
2061,27
2062,32
2063,26
2064,27
2065,33
2066,27
2067,27
2068,18
2069,25
2070,23
2071,27
2072,28
2073,29
2074,25
2075,26
2076,25
2077,24
2078,33
2079,32
2080,30
2081,34
2082,23
2083,32
2084,29
2085,31
2086,33
2087,30
2088,28
2089,31
2090,20
2091,32
2092,19
2093,30
2094,29
2095,33
2096,24
2097,19
2098,22
2099,20
2100,24
2101,27
2102,28
2103,34
2104,25
2105,30
2106,24
2107,26
2108,21
2109,26
2110,26
2111,30
2112,17
2113,23
2114,21
2115,31
2116,25
2117,23
2118,19
2119,19
2120,27
2121,24
2122,25
2123,17
2124,23
2125,23
2126,28
2127,30
2128,24
2129,27
2130,20
2131,25
2132,19
2133,25
2134,31
2135,32
2136,21
2137,24
2138,28
2139,22
2140,18
2141,23
2142,26
2143,23
2144,14
2145,28
2146,27
2147,28
2148,21
2149,27
2150,27
2151,34
2152,17
2153,22
2154,24
2155,20
2156,14
2157,27
2158,29
2159,16
2160,24
2161,19
2162,19
2163,22
2164,26
2165,23
2166,19
2167,26
2168,27
2169,26
2170,23
2171,22
2172,18
2173,24
2174,15
2175,24
2176,21
2177,21
2178,24
2179,26
2180,21
2181,21
2182,25
2183,21
2184,24
2185,22
2186,9
2187,21
2188,12
2189,18
2190,36
2191,25
2192,21
2193,22
2194,16
2195,22
2196,22
2197,26
2198,20
2199,25
2200,16
2201,21
2202,29
2203,24
2204,20
2205,33
2206,23
2207,26
2208,28
2209,27
2210,18
2211,22
2212,23
2213,18
2214,16
2215,32
2216,36
2217,19
2218,19
2219,19
2220,20
2221,15
2222,25
2223,15
2224,25
2225,17
2226,25
2227,22
2228,18
2229,19
2230,21
2231,30
2232,22
2233,21
2234,23
2235,20
2236,17
2237,19
2238,19
2239,19
2240,21
2241,19
2242,21
2243,18
2244,17
2245,17
2246,22
2247,23
2248,16
2249,22
2250,20
2251,23
2252,18
2253,21
2254,13
2255,13
2256,23
2257,19
2258,23
2259,15
2260,20
2261,16
2262,31
2263,19
2264,16
2265,20
2266,23
2267,16
2268,20
2269,19
2270,21
2271,26
2272,19
2273,18
2274,18
2275,15
2276,22
2277,28
2278,18
2279,17
2280,14
2281,24
2282,18
2283,17
2284,18
2285,20
2286,22
2287,14
2288,8
2289,17
2290,12
2291,20
2292,11
2293,25
2294,12
2295,16
2296,20
2297,20
2298,25
2299,19
2300,18
2301,21
2302,20
2303,19
2304,19
2305,14
2306,18
2307,24
2308,25
2309,21
2310,18
2311,15
2312,13
2313,26
2314,21
2315,14
2316,21
2317,14
2318,9
2319,17
2320,23
2321,22
2322,17
2323,19
2324,16
2325,15
2326,16
2327,22
2328,18
2329,19
2330,17
2331,20
2332,18
2333,20
2334,8
2335,12
2336,17
2337,19
2338,12
2339,16
2340,19
2341,23
2342,15
2343,16
2344,17
2345,17
2346,21
2347,12
2348,20
2349,19
2350,17
2351,16
2352,15
2353,17
2354,23
2355,15
2356,18
2357,15
2358,9
2359,15
2360,16
2361,11
2362,11
2363,14
2364,18
2365,20
2366,17
2367,16
2368,17
2369,14
2370,13
2371,13
2372,14
2373,24
2374,14
2375,19
2376,15
2377,14
2378,9
2379,12
2380,11
2381,18
2382,11
2383,20
2384,15
2385,20
2386,14
2387,14
2388,13
2389,19
2390,25
2391,17
2392,14
2393,20
2394,21
2395,15
2396,21
2397,14
2398,14
2399,19
2400,24
2401,9
2402,18
2403,10
2404,9
2405,16
2406,15
2407,15
2408,9
2409,7
2410,10
2411,13
2412,8
2413,9
2414,14
2415,13
2416,11
2417,12
2418,15
2419,10
2420,15
2421,16
2422,13
2423,14
2424,18
2425,12
2426,8
2427,9
2428,15
2429,13
2430,19
2431,13
2432,20
2433,14
2434,11
2435,15
2436,11
2437,8
2438,14
2439,18
2440,11
2441,12
2442,17
2443,15
2444,17
2445,12
2446,16
2447,12
2448,18
2449,11
2450,12
2451,15
2452,10
2453,19
2454,15
2455,22
2456,12
2457,12
2458,21
2459,13
2460,19
2461,18
2462,15
2463,10
2464,14
2465,20
2466,13
2467,17
2468,7
2469,14
2470,12
2471,11
2472,12
2473,7
2474,8
2475,11
2476,15
2477,14
2478,17
2479,11
2480,11
2481,16
2482,11
2483,12
2484,16
2485,13
2486,12
2487,10
2488,12
2489,15
2490,7
2491,11
2492,7
2493,14
2494,9
2495,11
2496,12
2497,14
2498,9
2499,12
2500,11
2501,8
2502,11
2503,14
2504,15
2505,11
2506,13
2507,13
2508,17
2509,20
2510,12
2511,14
2512,11
2513,12
2514,15
2515,9
2516,21
2517,10
2518,14
2519,13
2520,8
2521,20
2522,10
2523,7
2524,11
2525,15
2526,15
2527,6
2528,6
2529,16
2530,16
2531,13
2532,13
2533,8
2534,10
2535,5
2536,8
2537,14
2538,11
2539,13
2540,13
2541,11
2542,16
2543,12
2544,11
2545,11
2546,10
2547,17
2548,11
2549,12
2550,13
2551,9
2552,5
2553,9
2554,11
2555,6
2556,10
2557,13
2558,11
2559,15
2560,9
2561,13
2562,12
2563,12
2564,15
2565,10
2566,9
2567,6
2568,13
2569,15
2570,10
2571,12
2572,11
2573,5
2574,10
2575,6
2576,13
2577,5
2578,12
2579,6
2580,13
2581,7
2582,11
2583,9
2584,11
2585,6
2586,15
2587,4
2588,5
2589,8
2590,14
2591,12
2592,7
2593,10
2594,9
2595,6
2596,12
2597,13
2598,12
2599,7
2600,11
2601,7
2602,7
2603,14
2604,8
2605,10
2606,18
2607,10
2608,8
2609,12
2610,11
2611,7
2612,9
2613,10
2614,8
2615,6
2616,12
2617,8
2618,15
2619,14
2620,11
2621,6
2622,12
2623,10
2624,15
2625,10
2626,8
2627,14
2628,6
2629,6
2630,10
2631,5
2632,10
2633,2
2634,12
2635,10
2636,12
2637,9
2638,5
2639,17
2640,7
2641,12
2642,9
2643,11
2644,11
2645,10
2646,7
2647,8
2648,12
2649,5
2650,8
2651,3
2652,5
2653,12
2654,5
2655,7
2656,12
2657,13
2658,9
2659,4
2660,12
2661,13
2662,6
2663,10
2664,5
2665,3
2666,4
2667,5
2668,13
2669,7
2670,5
2671,4
2672,8
2673,3
2674,3
2675,10
2676,7
2677,9
2678,7
2679,5
2680,6
2681,7
2682,11
2683,9
2684,9
2685,7
2686,4
2687,6
2688,11
2689,9
2690,9
2691,3
2692,5
2693,12
2694,9
2695,5
2696,9
2697,10
2698,4
2699,8
2700,5
2701,7
2702,4
2703,10
2704,4
2705,9
2706,3
2707,6
2708,8
2709,5
2710,8
2711,4
2712,6
2713,7
2714,7
2715,9
2716,5
2717,4
2718,7
2719,8
2720,8
2721,9
2722,9
2723,11
2724,5
2725,10
2726,7
2727,7
2728,1
2729,6
2730,3
2731,7
2732,4
2733,8
2734,5
2735,9
2736,8
2737,9
2738,14
2739,4
2740,2
2741,11
2742,5
2743,15
2744,8
2745,5
2746,4
2747,8
2748,8
2749,8
2750,12
2751,7
2752,7
2753,8
2754,5
2755,6
2756,8
2757,5
2758,5
2759,14
2760,10
2761,12
2762,5
2763,6
2764,8
2765,10
2766,5
2767,7
2768,4
2769,8
2770,6
2771,12
2772,4
2773,8
2774,10
2775,3
2776,7
2777,7
2778,10
2779,7
2780,6
2781,4
2782,7
2783,11
2784,5
2785,2
2786,5
2787,10
2788,9
2789,5
2790,3
2791,9
2792,10
2793,5
2794,8
2795,7
2796,9
2797,8
2798,9
2799,12
2800,8
2801,3
2802,2
2803,5
2804,9
2805,7
2806,7
2807,6
2808,7
2809,12
2810,8
2811,10
2812,6
2813,7
2814,7
2815,3
2816,7
2817,6
2818,10
2819,4
2820,5
2821,5
2822,4
2823,9
2824,7
2825,5
2826,9
2827,8
2828,2
2829,10
2830,5
2831,7
2832,4
2833,3
2834,4
2835,5
2836,5
2837,8
2838,6
2839,8
2840,5
2841,4
2842,7
2843,8
2844,2
2845,10
2846,2
2847,8
2848,6
2849,8
2850,6
2851,4
2852,3
2853,5
2854,4
2855,7
2856,7
2857,6
2858,4
2859,10
2860,7
2861,14
2862,5
2863,9
2864,11
2865,8
2866,3
2867,7
2868,5
2869,3
2870,8
2871,4
2872,2
2873,5
2874,6
2875,6
2876,8
2877,3
2878,4
2879,9
2880,5
2881,5
2882,5
2883,7
2884,8
2885,2
2886,3
2887,6
2888,5
2889,9
2890,8
2891,4
2892,5
2893,3
2894,6
2895,7
2896,7
2897,3
2898,6
2899,9
2900,9
2901,8
2902,4
2903,4
2904,3
2905,4
2906,4
2907,3
2908,6
2909,3
2910,5
2911,6
2912,9
2913,8
2914,3
2915,4
2916,1
2917,7
2918,6
2919,3
2920,3
2921,6
2922,7
2923,8
2924,4
2925,4
2926,5
2927,3
2928,7
2929,5
2930,6
2931,8
2932,5
2933,3
2934,2
2935,4
2936,4
2937,7
2938,1
2939,7
2940,3
2941,7
2942,4
2943,2
2944,3
2945,3
2946,10
2947,8
2948,4
2949,6
2950,5
2951,8
2952,2
2953,7
2954,6
2955,6
2956,6
2957,7
2958,9
2959,5
2960,5
2961,3
2962,4
2963,4
2964,4
2965,7
2966,9
2967,5
2968,6
2969,3
2970,2
2971,9
2972,5
2973,9
2974,5
2975,3
2976,5
2977,6
2978,6
2979,4
2980,8
2981,5
2982,7
2983,3
2984,3
2985,1
2986,2
2987,2
2988,5
2989,5
2990,2
2991,2
2992,5
2993,4
2994,4
2995,6
2996,3
2997,6
2998,3
2999,2
3000,8
3001,2
3002,7
3003,2
3004,9
3005,0
3006,5
3007,3
3008,3
3009,4
3010,4
3011,1
3012,0
3013,2
3014,5
3015,6
3016,4
3017,2
3018,9
3019,8
3020,0
3021,4
3022,8
3023,7
3024,6
3025,3
3026,3
3027,2
3028,8
3029,7
3030,1
3031,5
3032,7
3033,4
3034,3
3035,6
3036,4
3037,2
3038,3
3039,1
3040,2
3041,2
3042,3
3043,4
3044,3
3045,0
3046,4
3047,4
3048,4
3049,1
3050,3
3051,6
3052,3
3053,5
3054,0
3055,3
3056,3
3057,0
3058,1
3059,5
3060,4
3061,2
3062,7
3063,5
3064,4
3065,3
3066,2
3067,9
3068,3
3069,2
3070,4
3071,3
3072,5
3073,2
3074,7
3075,2
3076,4
3077,3
3078,3
3079,3
3080,4
3081,1
3082,5
3083,2
3084,0
3085,5
3086,5
3087,4
3088,4
3089,3
3090,2
3091,3
3092,0
3093,3
3094,3
3095,3
3096,6
3097,4
3098,2
3099,3
3100,1
3101,6
3102,3
3103,3
3104,3
3105,3
3106,2
3107,6
3108,4
3109,3
3110,2
3111,2
3112,3
3113,2
3114,5
3115,10
3116,2
3117,3
3118,1
3119,1
3120,6
3121,3
3122,2
3123,3
3124,5
3125,5
3126,3
3127,3
3128,2
3129,7
3130,4
3131,7
3132,4
3133,4
3134,2
3135,2
3136,4
3137,2
3138,2
3139,3
3140,6
3141,4
3142,3
3143,1
3144,4
3145,5
3146,3
3147,6
3148,3
3149,2
3150,6
3151,4
3152,5
3153,0
3154,3
3155,1
3156,2
3157,6
3158,4
3159,5
3160,2
3161,4
3162,6
3163,6
3164,3
3165,7
3166,2
3167,4
3168,7
3169,3
3170,4
3171,2
3172,2
3173,1
3174,6
3175,7
3176,2
3177,4
3178,7
3179,5
3180,3
3181,3
3182,4
3183,3
3184,1
3185,4
3186,7
3187,4
3188,1
3189,7
3190,1
3191,3
3192,3
3193,3
3194,2
3195,8
3196,2
3197,0
3198,4
3199,2
3200,2
3201,3
3202,1
3203,2
3204,3
3205,3
3206,0
3207,7
3208,4
3209,1
3210,0
3211,4
3212,2
3213,6
3214,2
3215,5
3216,1
3217,4
3218,2
3219,1
3220,2
3221,5
3222,4
3223,5
3224,2
3225,2
3226,5
3227,3
3228,3
3229,4
3230,1
3231,0
3232,0
3233,3
3234,5
3235,7
3236,3
3237,7
3238,4
3239,3
3240,3
3241,3
3242,3
3243,0
3244,5
3245,2
3246,2
3247,3
3248,1
3249,3
3250,5
3251,3
3252,3
3253,3
3254,2
3255,3
3256,3
3257,1
3258,5
3259,3
3260,3
3261,5
3262,2
3263,4
3264,2
3265,3
3266,4
3267,2
3268,3
3269,3
3270,5
3271,5
3272,2
3273,0
3274,3
3275,3
3276,3
3277,2
3278,4
3279,2
3280,1
3281,4
3282,1
3283,3
3284,5
3285,2
3286,4
3287,2
3288,3
3289,2
3290,5
3291,4
3292,2
3293,2
3294,6
3295,0
3296,2
3297,1
3298,4
3299,2
3300,3
3301,2
3302,0
3303,2
3304,3
3305,4
3306,1
3307,4
3308,2
3309,2
3310,1
3311,4
3312,1
3313,2
3314,2
3315,2
3316,1
3317,3
3318,1
3319,2
3320,0
3321,3
3322,1
3323,0
3324,3
3325,3
3326,4
3327,5
3328,1
3329,1
3330,6
3331,2
3332,3
3333,3
3334,1
3335,4
3336,7
3337,5
3338,0
3339,1
3340,0
3341,1
3342,2
3343,4
3344,2
3345,3
3346,6
3347,1
3348,1
3349,2
3350,0
3351,2
3352,5
3353,0
3354,1
3355,4
3356,1
3357,2
3358,2
3359,8
3360,2
3361,1
3362,1
3363,1
3364,2
3365,1
3366,2
3367,4
3368,2
3369,4
3370,2
3371,2
3372,1
3373,1
3374,3
3375,2
3376,2
3377,2
3378,2
3379,2
3380,1
3381,2
3382,3
3383,4
3384,2
3385,1
3386,0
3387,1
3388,3
3389,4
3390,2
3391,3
3392,1
3393,1
3394,0
3395,0
3396,2
3397,0
3398,1
3399,1
3400,2
3401,2
3402,2
3403,5
3404,2
3405,3
3406,1
3407,1
3408,4
3409,4
3410,2
3411,1
3412,0
3413,2
3414,4
3415,3
3416,1
3417,2
3418,2
3419,2
3420,2
3421,2
3422,2
3423,0
3424,2
3425,2
3426,1
3427,2
3428,1
3429,0
3430,2
3431,3
3432,4
3433,2
3434,1
3435,0
3436,1
3437,2
3438,0
3439,1
3440,4
3441,3
3442,1
3443,3
3444,2
3445,1
3446,3
3447,1
3448,1
3449,2
3450,0
3451,2
3452,3
3453,3
3454,2
3455,3
3456,1
3457,2
3458,2
3459,2
3460,3
3461,2
3462,2
3463,2
3464,2
3465,2
3466,0
3467,0
3468,2
3469,0
3470,1
3471,1
3472,1
3473,0
3474,2
3475,1
3476,2
3477,3
3478,1
3479,2
3480,4
3481,0
3482,3
3483,2
3484,0
3485,2
3486,2
3487,0
3488,2
3489,6
3490,0
3491,4
3492,3
3493,1
3494,1
3495,2
3496,1
3497,5
3498,1
3499,1
3500,2
3501,3
3502,2
3503,1
3504,4
3505,0
3506,0
3507,0
3508,2
3509,6
3510,1
3511,2
3512,2
3513,4
3514,3
3515,2
3516,3
3517,2
3518,1
3519,2
3520,1
3521,4
3522,4
3523,1
3524,0
3525,1
3526,3
3527,1
3528,1
3529,3
3530,2
3531,2
3532,2
3533,2
3534,0
3535,4
3536,0
3537,0
3538,1
3539,1
3540,1
3541,0
3542,1
3543,1
3544,1
3545,2
3546,1
3547,1
3548,1
3549,1
3550,2
3551,3
3552,3
3553,1
3554,2
3555,2
3556,1
3557,0
3558,1
3559,1
3560,3
3561,1
3562,1
3563,1
3564,2
3565,2
3566,1
3567,0
3568,0
3569,3
3570,3
3571,2
3572,3
3573,1
3574,1
3575,1
3576,0
3577,2
3578,1
3579,1
3580,4
3581,1
3582,0
3583,4
3584,3
3585,0
3586,1
3587,1
3588,1
3589,2
3590,2
3591,0
3592,1
3593,2
3594,1
3595,0
3596,2
3597,0
3598,2
3599,1
3600,1
3601,3
3602,1
3603,1
3604,0
3605,1
3606,1
3607,1
3608,0
3609,5
3610,1
3611,2
3612,2
3613,3
3614,1
3615,0
3616,1
3617,0
3618,0
3619,1
3620,4
3621,1
3622,1
3623,0
3624,1
3625,1
3626,0
3627,2
3628,0
3629,0
3630,1
3631,0
3632,1
3633,3
3634,2
3635,3
3636,2
3637,3
3638,1
3639,0
3640,2
3641,0
3642,2
3643,2
3644,1
3645,1
3646,1
3647,2
3648,1
3649,4
3650,2
3651,2
3652,2
3653,1
3654,1
3655,2
3656,1
3657,1
3658,2
3659,1
3660,3
3661,1
3662,1
3663,0
3664,1
3665,0
3666,0
3667,1
3668,2
3669,4
3670,1
3671,1
3672,1
3673,1
3674,2
3675,1
3676,0
3677,1
3678,3
3679,1
3680,0
3681,2
3682,1
3683,3
3684,3
3685,3
3686,0
3687,2
3688,1
3689,1
3690,3
3691,1
3692,2
3693,2
3694,0
3695,2
3696,1
3697,5
3698,1
3699,0
3700,4
3701,0
3702,1
3703,1
3704,1
3705,0
3706,2
3707,0
3708,0
3709,2
3710,1
3711,1
3712,1
3713,0
3714,2
3715,4
3716,1
3717,1
3718,4
3719,2
3720,1
3721,1
3722,4
3723,3
3724,0
3725,1
3726,0
3727,0
3728,1
3729,0
3730,3
3731,0
3732,0
3733,1
3734,0
3735,1
3736,2
3737,0
3738,1
3739,2
3740,0
3741,1
3742,0
3743,0
3744,0
3745,1
3746,1
3747,1
3748,0
3749,2
3750,1
3751,1
3752,2
3753,1
3754,1
3755,3
3756,2
3757,1
3758,3
3759,2
3760,0
3761,3
3762,2
3763,2
3764,1
3765,2
3766,2
3767,1
3768,0
3769,0
3770,1
3771,3
3772,2
3773,0
3774,2
3775,1
3776,0
3777,0
3778,1
3779,0
3780,0
3781,1
3782,1
3783,1
3784,3
3785,1
3786,2
3787,2
3788,1
3789,0
3790,1
3791,0
3792,0
3793,1
3794,2
3795,0
3796,1
3797,3
3798,0
3799,4
3800,0
3801,0
3802,1
3803,0
3804,1
3805,0
3806,2
3807,0
3808,1
3809,1
3810,3
3811,3
3812,0
3813,0
3814,1
3815,2
3816,3
3817,1
3818,3
3819,0
3820,1
3821,0
3822,1
3823,1
3824,4
3825,1
3826,0
3827,1
3828,1
3829,0
3830,1
3831,2
3832,2
3833,1
3834,2
3835,2
3836,0
3837,1
3838,1
3839,4
3840,2
3841,1
3842,0
3843,1
3844,2
3845,2
3846,0
3847,0
3848,0
3849,1
3850,0
3851,0
3852,0
3853,0
3854,0
3855,0
3856,2
3857,3
3858,0
3859,0
3860,0
3861,1
3862,1
3863,0
3864,3
3865,1
3866,0
3867,0
3868,1
3869,3
3870,0
3871,1
3872,1
3873,2
3874,0
3875,1
3876,1
3877,1
3878,1
3879,1
3880,3
3881,0
3882,0
3883,2
3884,1
3885,1
3886,0
3887,0
3888,1
3889,0
3890,0
3891,1
3892,0
3893,0
3894,1
3895,3
3896,1
3897,2
3898,1
3899,1
3900,1
3901,1
3902,0
3903,1
3904,0
3905,0
3906,0
3907,1
3908,2
3909,0
3910,0
3911,0
3912,0
3913,0
3914,1
3915,2
3916,1
3917,0
3918,0
3919,1
3920,1
3921,2
3922,0
3923,2
3924,2
3925,2
3926,0
3927,1
3928,0
3929,1
3930,3
3931,0
3932,1
3933,2
3934,0
3935,2
3936,2
3937,2
3938,0
3939,0
3940,1
3941,0
3942,0
3943,2
3944,2
3945,1
3946,3
3947,1
3948,2
3949,2
3950,0
3951,0
3952,2
3953,2
3954,2
3955,1
3956,1
3957,1
3958,1
3959,1
3960,0
3961,2
3962,1
3963,0
3964,3
3965,2
3966,3
3967,0
3968,0
3969,1
3970,0
3971,0
3972,0
3973,0
3974,2
3975,2
3976,0
3977,1
3978,1
3979,1
3980,1
3981,0
3982,2
3983,0
3984,0
3985,2
3986,1
3987,1
3988,4
3989,0
3990,1
3991,0
3992,0
3993,0
3994,0
3995,0
3996,3
3997,2
3998,1
3999,0
4000,1
4001,0
4002,0
4003,1
4004,0
4005,0
4006,0
4007,0
4008,0
4009,0
4010,0
4011,0
4012,1
4013,0
4014,0
4015,0
4016,0
4017,0
4018,1
4019,0
4020,3
4021,0
4022,1
4023,1
4024,0
4025,0
4026,2
4027,1
4028,1
4029,1
4030,0
4031,0
4032,0
4033,1
4034,1
4035,0
4036,4
4037,0
4038,0
4039,0
4040,1
4041,3
4042,1
4043,1
4044,1
4045,1
4046,0
4047,1
4048,1
4049,1
4050,1
4051,1
4052,0
4053,3
4054,1
4055,0
4056,1
4057,0
4058,1
4059,0
4060,1
4061,1
4062,0
4063,0
4064,1
4065,1
4066,0
4067,1
4068,0
4069,1
4070,1
4071,0
4072,1
4073,0
4074,1
4075,0
4076,1
4077,1
4078,1
4079,1
4080,0
4081,0
4082,1
4083,0
4084,0
4085,1
4086,0
4087,1
4088,0
4089,1
4090,0
4091,0
4092,0
4093,1
4094,0
4095,0
4096,1
4097,0
4098,3
4099,0
4100,0
4101,0
4102,0
4103,0
4104,1
4105,1
4106,1
4107,0
4108,0
4109,0
4110,0
4111,0
4112,0
4113,1
4114,0
4115,0
4116,0
4117,1
4118,1
4119,1
4120,1
4121,1
4122,0
4123,0
4124,0
4125,0
4126,2
4127,0
4128,0
4129,0
4130,0
4131,0
4132,1
4133,0
4134,0
4135,0
4136,1
4137,2
4138,0
4139,0
4140,0
4141,0
4142,1
4143,0
4144,0
4145,1
4146,0
4147,0
4148,0
4149,0
4150,0
4151,0
4152,0
4153,1
4154,0
4155,2
4156,0
4157,0
4158,0
4159,1
4160,0
4161,0
4162,1
4163,1
4164,0
4165,0
4166,2
4167,0
4168,0
4169,0
4170,2
4171,0
4172,0
4173,1
4174,1
4175,0
4176,0
4177,2
4178,1
4179,0
4180,2
4181,0
4182,0
4183,1
4184,0
4185,1
4186,0
4187,1
4188,0
4189,0
4190,0
4191,0
4192,2
4193,0
4194,0
4195,1
4196,0
4197,0
4198,1
4199,1
4200,0
4201,5
4202,0
4203,0
4204,0
4205,0
4206,0
4207,0
4208,0
4209,0
4210,0
4211,0
4212,1
4213,0
4214,1
4215,0
4216,0
4217,1
4218,0
4219,0
4220,1
4221,2
4222,0
4223,0
4224,1
4225,0
4226,0
4227,1
4228,0
4229,1
4230,1
4231,0
4232,0
4233,0
4234,0
4235,0
4236,0
4237,0
4238,0
4239,1
4240,0
4241,0
4242,0
4243,0
4244,1
4245,2
4246,0
4247,0
4248,0
4249,0
4250,1
4251,0
4252,0
4253,0
4254,0
4255,0
4256,0
4257,0
4258,1
4259,0
4260,2
4261,0
4262,0
4263,1
4264,0
4265,0
4266,0
4267,1
4268,1
4269,0
4270,0
4271,1
4272,0
4273,0
4274,0
4275,0
4276,0
4277,2
4278,1
4279,1
4280,0
4281,0
4282,0
4283,0
4284,0
4285,0
4286,0
4287,1
4288,0
4289,0
4290,1
4291,0
4292,1
4293,0
4294,0
4295,1
4296,1
4297,0
4298,2
4299,0
4300,0
4301,1
4302,0
4303,0
4304,0
4305,0
4306,0
4307,1
4308,0
4309,0
4310,2
4311,1
4312,0
4313,2
4314,2
4315,0
4316,0
4317,0
4318,1
4319,3
4320,2
4321,0
4322,0
4323,3
4324,0
4325,1
4326,1
4327,1
4328,1
4329,0
4330,0
4331,0
4332,0
4333,0
4334,0
4335,1
4336,2
4337,0
4338,0
4339,1
4340,0
4341,1
4342,1
4343,1
4344,0
4345,1
4346,1
4347,1
4348,0
4349,3
4350,0
4351,0
4352,1
4353,1
4354,0
4355,0
4356,0
4357,0
4358,0
4359,0
4360,0
4361,0
4362,0
4363,0
4364,1
4365,0
4366,1
4367,1
4368,1
4369,1
4370,0
4371,0
4372,0
4373,0
4374,0
4375,1
4376,0
4377,0
4378,3
4379,0
4380,0
4381,0
4382,0
4383,0
4384,1
4385,0
4386,0
4387,0
4388,0
4389,0
4390,0
4391,2
4392,0
4393,1
4394,0
4395,0
4396,2
4397,0
4398,1
4399,0
4400,0
4401,0
4402,0
4403,0
4404,1
4405,0
4406,0
4407,1
4408,0
4409,0
4410,0
4411,0
4412,1
4413,0
4414,0
4415,1
4416,2
4417,0
4418,0
4419,1
4420,0
4421,1
4422,0
4423,0
4424,0
4425,0
4426,0
4427,2
4428,0
4429,0
4430,1
4431,2
4432,2
4433,1
4434,0
4435,0
4436,0
4437,0
4438,0
4439,1
4440,0
4441,0
4442,2
4443,2
4444,0
4445,0
4446,0
4447,1
4448,2
4449,0
4450,0
4451,0
4452,0
4453,0
4454,0
4455,1
4456,1
4457,0
4458,1
4459,0
4460,0
4461,1
4462,0
4463,0
4464,0
4465,0
4466,1
4467,0
4468,0
4469,0
4470,0
4471,0
4472,0
4473,0
4474,0
4475,1
4476,0
4477,0
4478,0
4479,0
4480,0
4481,0
4482,0
4483,0
4484,0
4485,0
4486,0
4487,0
4488,1
4489,1
4490,0
4491,1
4492,1
4493,1
4494,0
4495,0
4496,0
4497,0
4498,0
4499,0
4500,0
4501,1
4502,0
4503,1
4504,1
4505,0
4506,0
4507,1
4508,2
4509,0
4510,0
4511,0
4512,0
4513,1
4514,1
4515,0
4516,0
4517,0
4518,0
4519,0
4520,0
4521,0
4522,0
4523,0
4524,0
4525,0
4526,0
4527,0
4528,1
4529,0
4530,0
4531,0
4532,0
4533,0
4534,0
4535,0
4536,1
4537,0
4538,0
4539,0
4540,0
4541,1
4542,0
4543,0
4544,0
4545,0
4546,0
4547,0
4548,0
4549,0
4550,0
4551,0
4552,0
4553,1
4554,0
4555,0
4556,1
4557,0
4558,1
4559,0
4560,0
4561,0
4562,1
4563,2
4564,2
4565,0
4566,0
4567,0
4568,0
4569,0
4570,0
4571,0
4572,0
4573,0
4574,0
4575,1
4576,0
4577,0
4578,1
4579,0
4580,0
4581,0
4582,0
4583,0
4584,1
4585,0
4586,1
4587,0
4588,0
4589,0
4590,0
4591,0
4592,0
4593,0
4594,1
4595,1
4596,0
4597,1
4598,0
4599,1
4600,0
4601,0
4602,0
4603,0
4604,1
4605,0
4606,0
4607,0
4608,0
4609,0
4610,0
4611,0
4612,1
4613,1
4614,0
4615,0
4616,1
4617,1
4618,0
4619,0
4620,1
4621,0
4622,0
4623,1
4624,0
4625,0
4626,0
4627,0
4628,0
4629,0
4630,3
4631,0
4632,1
4633,0
4634,0
4635,0
4636,2
4637,0
4638,0
4639,0
4640,1
4641,2
4642,1
4643,0
4644,0
4645,0
4646,0
4647,0
4648,1
4649,0
4650,0
4651,0
4652,0
4653,2
4654,0
4655,0
4656,0
4657,0
4658,0
4659,1
4660,0
4661,0
4662,0
4663,0
4664,0
4665,0
4666,0
4667,1
4668,0
4669,0
4670,0
4671,0
4672,1
4673,0
4674,0
4675,0
4676,0
4677,0
4678,1
4679,0
4680,0
4681,0
4682,0
4683,0
4684,0
4685,0
4686,0
4687,0
4688,0
4689,0
4690,1
4691,0
4692,0
4693,0
4694,0
4695,0
4696,1
4697,0
4698,0
4699,0
4700,0
4701,0
4702,0
4703,0
4704,1
4705,0
4706,0
4707,1
4708,1
4709,0
4710,0
4711,0
4712,0
4713,1
4714,0
4715,0
4716,0
4717,0
4718,0
4719,0
4720,0
4721,0
4722,0
4723,0
4724,0
4725,0
4726,0
4727,0
4728,0
4729,0
4730,0
4731,2
4732,0
4733,0
4734,1
4735,0
4736,0
4737,0
4738,0
4739,0
4740,1
4741,0
4742,0
4743,0
4744,0
4745,0
4746,0
4747,0
4748,0
4749,0
4750,0
4751,0
4752,0
4753,0
4754,0
4755,0
4756,0
4757,0
4758,0
4759,0
4760,0
4761,1
4762,0
4763,0
4764,0
4765,0
4766,0
4767,0
4768,0
4769,0
4770,1
4771,0
4772,1
4773,0
4774,0
4775,0
4776,0
4777,0
4778,0
4779,0
4780,0
4781,0
4782,0
4783,0
4784,0
4785,0
4786,0
4787,0
4788,0
4789,0
4790,0
4791,0
4792,0
4793,0
4794,0
4795,0
4796,0
4797,0
4798,0
4799,0
4800,0
4801,0
4802,0
4803,0
4804,0
4805,0
4806,0
4807,1
4808,0
4809,0
4810,0
4811,0
4812,0
4813,0
4814,0
4815,0
4816,0
4817,0
4818,1
4819,0
4820,0
4821,0
4822,0
4823,0
4824,0
4825,0
4826,0
4827,0
4828,0
4829,0
4830,0
4831,0
4832,0
4833,0
4834,0
4835,0
4836,0
4837,0
4838,0
4839,0
4840,0
4841,0
4842,0
4843,0
4844,0
4845,0
4846,1
4847,0
4848,0
4849,1
4850,0
4851,0
4852,0
4853,1
4854,0
4855,0
4856,0
4857,0
4858,0
4859,0
4860,0
4861,0
4862,0
4863,0
4864,0
4865,0
4866,0
4867,0
4868,0
4869,0
4870,0
4871,0
4872,0
4873,0
4874,0
4875,0
4876,0
4877,0
4878,0
4879,0
4880,0
4881,0
4882,0
4883,0
4884,0
4885,0
4886,0
4887,0
4888,0
4889,0
4890,1
4891,0
4892,1
4893,0
4894,0
4895,1
4896,0
4897,0
4898,0
4899,0
4900,0
4901,1
4902,0
4903,0
4904,0
4905,0
4906,0
4907,1
4908,0
4909,0
4910,0
4911,0
4912,0
4913,0
4914,1
4915,0
4916,0
4917,0
4918,0
4919,0
4920,0
4921,0
4922,0
4923,0
4924,0
4925,0
4926,0
4927,0
4928,0
4929,0
4930,1
4931,1
4932,0
4933,1
4934,1
4935,0
4936,0
4937,1
4938,1
4939,0
4940,0
4941,0
4942,0
4943,0
4944,0
4945,0
4946,0
4947,0
4948,0
4949,1
4950,0
4951,1
4952,0
4953,0
4954,0
4955,0
4956,0
4957,0
4958,1
4959,0
4960,0
4961,0
4962,0
4963,0
4964,0
4965,0
4966,0
4967,0
4968,0
4969,0
4970,0
4971,0
4972,0
4973,0
4974,0
4975,1
4976,1
4977,0
4978,0
4979,0
4980,0
4981,0
4982,1
4983,0
4984,0
4985,0
4986,1
4987,1
4988,0
4989,0
4990,0
4991,0
4992,0
4993,0
4994,0
4995,0
4996,0
4997,0
4998,0
4999,0
5000,0
5001,0
5002,0
5003,1
5004,0
5005,0
5006,0
5007,0
5008,0
5009,0
5010,0
5011,0
5012,0
5013,0
5014,0
5015,1
5016,0
5017,0
5018,0
5019,1
5020,0
5021,0
5022,0
5023,0
5024,0
5025,0
5026,1
5027,0
5028,1
5029,1
5030,1
5031,0
5032,0
5033,1
5034,0
5035,0
5036,0
5037,0
5038,1
5039,0
5040,0
5041,0
5042,0
5043,0
5044,0
5045,0
5046,0
5047,0
5048,0
5049,0
5050,0
5051,1
5052,0
5053,0
5054,1
5055,1
5056,0
5057,0
5058,0
5059,0
5060,0
5061,1
5062,0
5063,0
5064,0
5065,0
5066,0
5067,0
5068,0
5069,0
5070,0
5071,0
5072,0
5073,0
5074,0
5075,1
5076,1
5077,0
5078,0
5079,0
5080,0
5081,0
5082,0
5083,0
5084,0
5085,0
5086,1
5087,2
5088,0
5089,1
5090,0
5091,0
5092,0
5093,0
5094,0
5095,0
5096,0
5097,0
5098,0
5099,0
5100,0
5101,0
5102,0
5103,0
5104,0
5105,0
5106,0
5107,0
5108,0
5109,1
5110,0
5111,0
5112,0
5113,0
5114,0
5115,0
5116,0
5117,0
5118,0
5119,0
5120,0
5121,0
5122,0
5123,1
5124,0
5125,0
5126,0
5127,0
5128,0
5129,0
5130,0
5131,0
5132,0
5133,0
5134,1
5135,0
5136,0
5137,0
5138,0
5139,0
5140,1
5141,0
5142,0
5143,0
5144,0
5145,0
5146,0
5147,0
5148,0
5149,1
5150,0
5151,0
5152,0
5153,0
5154,0
5155,0
5156,0
5157,0
5158,0
5159,0
5160,0
5161,0
5162,0
5163,1
5164,0
5165,0
5166,0
5167,0
5168,0
5169,0
5170,0
5171,0
5172,0
5173,0
5174,1
5175,0
5176,0
5177,0
5178,0
5179,0
5180,0
5181,0
5182,1
5183,0
5184,0
5185,0
5186,0
5187,0
5188,0
5189,0
5190,0
5191,0
5192,0
5193,0
5194,0
5195,0
5196,0
5197,0
5198,0
5199,0
5200,0
5201,0
5202,1
5203,0
5204,0
5205,0
5206,0
5207,0
5208,0
5209,0
5210,0
5211,0
5212,0
5213,2
5214,0
5215,0
5216,0
5217,0
5218,0
5219,0
5220,0
5221,0
5222,0
5223,0
5224,0
5225,0
5226,0
5227,0
5228,0
5229,0
5230,1
5231,1
5232,0
5233,0
5234,0
5235,0
5236,0
5237,0
5238,0
5239,0
5240,0
5241,0
5242,0
5243,0
5244,0
5245,0
5246,0
5247,0
5248,0
5249,0
5250,0
5251,0
5252,0
5253,1
5254,0
5255,0
5256,0
5257,0
5258,1
5259,0
5260,0
5261,0
5262,0
5263,0
5264,0
5265,0
5266,0
5267,0
5268,0
5269,0
5270,0
5271,1
5272,1
5273,0
5274,0
5275,0
5276,0
5277,0
5278,0
5279,1
5280,1
5281,0
5282,0
5283,0
5284,0
5285,0
5286,0
5287,0
5288,0
5289,1
5290,0
5291,0
5292,0
5293,0
5294,0
5295,0
5296,0
5297,0
5298,0
5299,0
5300,0
5301,0
5302,1
5303,0
5304,0
5305,0
5306,0
5307,0
5308,0
5309,0
5310,0
5311,1
5312,0
5313,0
5314,0
5315,1
5316,1
5317,0
5318,0
5319,0
5320,0
5321,0
5322,0
5323,0
5324,0
5325,0
5326,0
5327,0
5328,0
5329,0
5330,0
5331,0
5332,0
5333,0
5334,0
5335,0
5336,0
5337,0
5338,0
5339,1
5340,0
5341,0
5342,0
5343,0
5344,0
5345,0
5346,0
5347,0
5348,0
5349,0
5350,0
5351,0
5352,0
5353,0
5354,0
5355,0
5356,0
5357,0
5358,0
5359,0
5360,0
5361,0
5362,0
5363,0
5364,0
5365,0
5366,0
5367,0
5368,0
5369,0
5370,0
5371,0
5372,0
5373,0
5374,0
5375,0
5376,0
5377,0
5378,0
5379,0
5380,0
5381,0
5382,0
5383,0
5384,0
5385,0
5386,0
5387,0
5388,0
5389,0
5390,0
5391,0
5392,0
5393,0
5394,1
5395,0
5396,0
5397,0
5398,0
5399,0
5400,1
5401,0
5402,0
5403,0
5404,1
5405,0
5406,0
5407,0
5408,0
5409,0
5410,0
5411,0
5412,0
5413,0
5414,0
5415,0
5416,0
5417,0
5418,0
5419,0
5420,0
5421,0
5422,0
5423,0
5424,0
5425,0
5426,0
5427,0
5428,0
5429,0
5430,0
5431,0
5432,1
5433,0
5434,0
5435,0
5436,0
5437,0
5438,0
5439,0
5440,0
5441,0
5442,0
5443,0
5444,0
5445,0
5446,0
5447,0
5448,0
5449,0
5450,1
5451,0
5452,0
5453,0
5454,0
5455,1
5456,0
5457,0
5458,0
5459,1
5460,0
5461,0
5462,0
5463,0
5464,0
5465,0
5466,0
5467,0
5468,0
5469,0
5470,0
5471,0
5472,0
5473,0
5474,0
5475,0
5476,0
5477,0
5478,0
5479,0
5480,0
5481,0
5482,0
5483,0
5484,0
5485,0
5486,0
5487,1
5488,0
5489,0
5490,0
5491,0
5492,0
5493,1
5494,0
5495,1
5496,0
5497,0
5498,0
5499,1
5500,0
5501,0
5502,0
5503,0
5504,0
5505,0
5506,0
5507,0
5508,0
5509,0
5510,0
5511,0
5512,0
5513,0
5514,0
5515,0
5516,0
5517,0
5518,0
5519,0
5520,0
5521,0
5522,0
5523,0
5524,0
5525,1
5526,0
5527,0
5528,0
5529,0
5530,0
5531,0
5532,0
5533,0
5534,0
5535,0
5536,0
5537,0
5538,0
5539,0
5540,0
5541,0
5542,0
5543,0
5544,0
5545,0
5546,0
5547,0
5548,0
5549,0
5550,0
5551,0
5552,0
5553,0
5554,0
5555,0
5556,1
5557,0
5558,0
5559,0
5560,0
5561,0
5562,0
5563,0
5564,0
5565,0
5566,0
5567,0
5568,0
5569,0
5570,0
5571,0
5572,0
5573,0
5574,0
5575,0
5576,0
5577,0
5578,0
5579,0
5580,0
5581,0
5582,0
5583,0
5584,0
5585,0
5586,1
5587,0
5588,0
5589,0
5590,1
5591,0
5592,1
5593,0
5594,0
5595,1
5596,0
5597,0
5598,0
5599,0
5600,0
5601,0
5602,0
5603,0
5604,1
5605,0
5606,0
5607,0
5608,0
5609,0
5610,0
5611,0
5612,0
5613,0
5614,0
5615,0
5616,0
5617,0
5618,0
5619,0
5620,0
5621,0
5622,0
5623,0
5624,0
5625,0
5626,0
5627,0
5628,0
5629,0
5630,0
5631,0
5632,0
5633,0
5634,0
5635,0
5636,0
5637,0
5638,0
5639,0
5640,0
5641,0
5642,1
5643,0
5644,0
5645,0
5646,0
5647,0
5648,0
5649,0
5650,0
5651,0
5652,0
5653,0
5654,0
5655,0
5656,0
5657,0
5658,0
5659,0
5660,0
5661,0
5662,0
5663,0
5664,0
5665,1
5666,1
5667,0
5668,0
5669,0
5670,0
5671,0
5672,0
5673,0
5674,0
5675,0
5676,0
5677,0
5678,0
5679,0
5680,0
5681,1
5682,0
5683,0
5684,0
5685,1
5686,0
5687,0
5688,0
5689,0
5690,0
5691,0
5692,0
5693,0
5694,0
5695,0
5696,0
5697,0
5698,0
5699,0
5700,0
5701,0
5702,0
5703,0
5704,0
5705,0
5706,0
5707,0
5708,0
5709,0
5710,0
5711,0
5712,0
5713,1
5714,0
5715,0
5716,0
5717,0
5718,0
5719,0
5720,0
5721,0
5722,0
5723,0
5724,1
5725,0
5726,0
5727,0
5728,0
5729,0
5730,1
5731,0
5732,0
5733,0
5734,0
5735,0
5736,0
5737,0
5738,0
5739,0
5740,0
5741,0
5742,0
5743,0
5744,0
5745,0
5746,0
5747,0
5748,0
5749,0
5750,0
5751,0
5752,1
5753,0
5754,0
5755,1
5756,0
5757,0
5758,0
5759,0
5760,0
5761,0
5762,0
5763,0
5764,0
5765,0
5766,0
5767,0
5768,0
5769,0
5770,0
5771,0
5772,0
5773,0
5774,0
5775,0
5776,0
5777,0
5778,0
5779,0
5780,0
5781,0
5782,0
5783,0
5784,0
5785,0
5786,0
5787,0
5788,0
5789,0
5790,0
5791,0
5792,0
5793,0
5794,0
5795,0
5796,0
5797,0
5798,0
5799,0
5800,0
5801,0
5802,0
5803,0
5804,0
5805,0
5806,0
5807,0
5808,1
5809,0
5810,0
5811,0
5812,0
5813,0
5814,0
5815,0
5816,0
5817,0
5818,0
5819,0
5820,0
5821,0
5822,0
5823,0
5824,0
5825,0
5826,0
5827,0
5828,0
5829,0
5830,1
5831,0
5832,0
5833,0
5834,0
5835,0
5836,0
5837,0
5838,0
5839,0
5840,0
5841,0
5842,0
5843,0
5844,0
5845,0
5846,0
5847,0
5848,0
5849,0
5850,0
5851,0
5852,0
5853,0
5854,0
5855,0
5856,0
5857,0
5858,0
5859,0
5860,0
5861,0
5862,0
5863,0
5864,0
5865,0
5866,0
5867,0
5868,0
5869,0
5870,0
5871,0
5872,0
5873,0
5874,0
5875,0
5876,1
5877,0
5878,0
5879,0
5880,0
5881,0
5882,0
5883,0
5884,0
5885,0
5886,0
5887,0
5888,0
5889,0
5890,0
5891,0
5892,0
5893,0
5894,0
5895,0
5896,0
5897,0
5898,0
5899,0
5900,0
5901,0
5902,0
5903,0
5904,0
5905,0
5906,0
5907,0
5908,0
5909,0
5910,0
5911,0
5912,0
5913,0
5914,0
5915,1
5916,0
5917,0
5918,0
5919,0
5920,0
5921,0
5922,0
5923,0
5924,0
5925,0
5926,0
5927,0
5928,0
5929,0
5930,0
5931,0
5932,0
5933,0
5934,0
5935,0
5936,0
5937,0
5938,0
5939,0
5940,0
5941,0
5942,1
5943,1
5944,0
5945,0
5946,0
5947,0
5948,0
5949,0
5950,0
5951,0
5952,0
5953,0
5954,0
5955,0
5956,0
5957,0
5958,0
5959,0
5960,0
5961,0
5962,0
5963,0
5964,0
5965,0
5966,0
5967,0
5968,0
5969,0
5970,0
5971,0
5972,0
5973,0
5974,0
5975,0
5976,0
5977,0
5978,0
5979,0
5980,0
5981,1
5982,0
5983,0
5984,0
5985,0
5986,0
5987,0
5988,0
5989,0
5990,0
5991,0
5992,0
5993,0
5994,0
5995,0
5996,0
5997,0
5998,0
5999,0
6000,0
6001,0
6002,0
6003,0
6004,0
6005,0
6006,0
6007,0
6008,0
6009,0
6010,0
6011,1
6012,0
6013,0
6014,0
6015,0
6016,0
6017,0
6018,0
6019,0
6020,0
6021,1
6022,0
6023,0
6024,0
6025,0
6026,0
6027,0
6028,0
6029,0
6030,0
6031,0
6032,0
6033,0
6034,0
6035,0
6036,0
6037,0
6038,0
6039,0
6040,0
6041,0
6042,0
6043,0
6044,0
6045,0
6046,0
6047,0
6048,0
6049,0
6050,0
6051,0
6052,0
6053,0
6054,0
6055,0
6056,0
6057,0
6058,0
6059,0
6060,0
6061,0
6062,0
6063,0
6064,0
6065,1
6066,0
6067,0
6068,0
6069,0
6070,0
6071,0
6072,0
6073,0
6074,0
6075,0
6076,0
6077,0
6078,0
6079,0
6080,0
6081,0
6082,0
6083,0
6084,0
6085,0
6086,0
6087,0
6088,0
6089,0
6090,0
6091,0
6092,0
6093,0
6094,0
6095,0
6096,0
6097,0
6098,0
6099,0
6100,0
6101,0
6102,0
6103,0
6104,0
6105,0
6106,0
6107,0
6108,0
6109,0
6110,0
6111,0
6112,0
6113,0
6114,0
6115,0
6116,0
6117,0
6118,0
6119,0
6120,0
6121,0
6122,0
6123,0
6124,0
6125,0
6126,0
6127,0
6128,0
6129,0
6130,0
6131,0
6132,0
6133,1
6134,0
6135,0
6136,0
6137,0
6138,0
6139,0
6140,0
6141,0
6142,0
6143,0
6144,0
6145,0
6146,0
6147,0
6148,0
6149,1
6150,0
6151,1
6152,0
6153,1
6154,0
6155,0
6156,0
6157,0
6158,0
6159,0
6160,0
6161,0
6162,0
6163,0
6164,0
6165,0
6166,0
6167,0
6168,0
6169,0
6170,0
6171,0
6172,0
6173,0
6174,0
6175,0
6176,0
6177,0
6178,0
6179,0
6180,0
6181,1
6182,0
6183,0
6184,0
6185,0
6186,0
6187,0
6188,0
6189,0
6190,0
6191,0
6192,0
6193,0
6194,0
6195,0
6196,0
6197,0
6198,0
6199,0
6200,0
6201,0
6202,0
6203,0
6204,0
6205,0
6206,0
6207,0
6208,0
6209,0
6210,0
6211,0
6212,0
6213,0
6214,0
6215,0
6216,0
6217,0
6218,0
6219,0
6220,0
6221,0
6222,0
6223,0
6224,0
6225,0
6226,0
6227,0
6228,0
6229,0
6230,0
6231,0
6232,0
6233,0
6234,0
6235,0
6236,0
6237,0
6238,0
6239,0
6240,0
6241,0
6242,0
6243,0
6244,0
6245,0
6246,0
6247,0
6248,0
6249,0
6250,0
6251,0
6252,0
6253,0
6254,0
6255,0
6256,0
6257,0
6258,0
6259,0
6260,0
6261,0
6262,0
6263,0
6264,0
6265,0
6266,0
6267,0
6268,0
6269,0
6270,0
6271,0
6272,0
6273,0
6274,0
6275,0
6276,0
6277,0
6278,0
6279,0
6280,0
6281,0
6282,0
6283,0
6284,0
6285,0
6286,0
6287,0
6288,0
6289,0
6290,0
6291,0
6292,0
6293,0
6294,0
6295,0
6296,0
6297,0
6298,0
6299,0
6300,0
6301,1
6302,0
6303,0
6304,0
6305,0
6306,0
6307,0
6308,0
6309,0
6310,0
6311,0
6312,0
6313,0
6314,0
6315,0
6316,0
6317,0
6318,0
6319,0
6320,1
6321,0
6322,0
6323,0
6324,0
6325,0
6326,0
6327,0
6328,0
6329,0
6330,0
6331,0
6332,0
6333,0
6334,0
6335,0
6336,0
6337,0
6338,0
6339,0
6340,0
6341,0
6342,0
6343,0
6344,0
6345,0
6346,0
6347,0
6348,0
6349,0
6350,0
6351,0
6352,0
6353,0
6354,0
6355,0
6356,0
6357,0
6358,0
6359,0
6360,0
6361,0
6362,0
6363,0
6364,0
6365,0
6366,0
6367,0
6368,0
6369,0
6370,0
6371,0
6372,0
6373,0
6374,0
6375,0
6376,0
6377,0
6378,0
6379,0
6380,0
6381,0
6382,0
6383,0
6384,0
6385,0
6386,0
6387,0
6388,0
6389,0
6390,0
6391,0
6392,0
6393,0
6394,0
6395,0
6396,0
6397,0
6398,0
6399,0
6400,0
6401,0
6402,0
6403,0
6404,0
6405,0
6406,0
6407,0
6408,0
6409,0
6410,0
6411,0
6412,0
6413,0
6414,0
6415,0
6416,0
6417,0
6418,0
6419,0
6420,0
6421,0
6422,0
6423,0
6424,0
6425,0
6426,0
6427,0
6428,0
6429,0
6430,0
6431,0
6432,0
6433,0
6434,0
6435,0
6436,0
6437,0
6438,0
6439,0
6440,0
6441,0
6442,0
6443,0
6444,0
6445,0
6446,0
6447,0
6448,0
6449,0
6450,0
6451,0
6452,0
6453,0
6454,0
6455,0
6456,0
6457,0
6458,0
6459,0
6460,0
6461,0
6462,0
6463,0
6464,0
6465,0
6466,0
6467,0
6468,0
6469,0
6470,0
6471,0
6472,0
6473,0
6474,0
6475,0
6476,0
6477,0
6478,0
6479,0
6480,0
6481,0
6482,0
6483,0
6484,0
6485,0
6486,0
6487,0
6488,0
6489,0
6490,0
6491,0
6492,0
6493,0
6494,0
6495,0
6496,0
6497,0
6498,0
6499,0
6500,0
6501,0
6502,0
6503,0
6504,0
6505,0
6506,0
6507,0
6508,0
6509,0
6510,0
6511,0
6512,0
6513,0
6514,0
6515,0
6516,0
6517,0
6518,0
6519,0
6520,0
6521,0
6522,0
6523,0
6524,0
6525,0
6526,0
6527,0
6528,0
6529,0
6530,0
6531,0
6532,0
6533,0
6534,0
6535,0
6536,0
6537,0
6538,0
6539,0
6540,0
6541,0
6542,0
6543,0
6544,0
6545,0
6546,0
6547,0
6548,0
6549,0
6550,0
6551,0
6552,0
6553,0
6554,0
6555,0
6556,0
6557,0
6558,0
6559,0
6560,0
6561,0
6562,0
6563,0
6564,0
6565,0
6566,0
6567,0
6568,0
6569,0
6570,0
6571,0
6572,0
6573,0
6574,0
6575,0
6576,0
6577,0
6578,0
6579,0
6580,0
6581,0
6582,0
6583,0
6584,0
6585,0
6586,0
6587,0
6588,0
6589,0
6590,0
6591,0
6592,0
6593,0
6594,0
6595,0
6596,0
6597,0
6598,0
6599,0
6600,0
6601,0
6602,0
6603,0
6604,0
6605,0
6606,0
6607,0
6608,0
6609,0
6610,0
6611,0
6612,0
6613,0
6614,0
6615,0
6616,0
6617,0
6618,0
6619,0
6620,0
6621,0
6622,0
6623,0
6624,0
6625,0
6626,0
6627,0
6628,0
6629,0
6630,0
6631,0
6632,0
6633,0
6634,0
6635,0
6636,0
6637,0
6638,0
6639,0
6640,0
6641,0
6642,0
6643,0
6644,0
6645,0
6646,0
6647,0
6648,0
6649,0
6650,0
6651,0
6652,0
6653,0
6654,0
6655,0
6656,0
6657,0
6658,0
6659,0
6660,0
6661,0
6662,0
6663,0
6664,0
6665,0
6666,0
6667,0
6668,0
6669,0
6670,0
6671,0
6672,0
6673,0
6674,0
6675,0
6676,0
6677,0
6678,0
6679,1
6680,0
6681,0
6682,0
6683,0
6684,0
6685,0
6686,0
6687,0
6688,0
6689,0
6690,0
6691,0
6692,0
6693,0
6694,0
6695,0
6696,0
6697,0
6698,0
6699,0
6700,0
6701,0
6702,0
6703,0
6704,0
6705,0
6706,0
6707,1
6708,0
6709,0
6710,0
6711,0
6712,0
6713,0
6714,0
6715,0
6716,0
6717,0
6718,0
6719,1
6720,0
6721,0
6722,0
6723,0
6724,0
6725,0
6726,0
6727,0
6728,0
6729,0
6730,0
6731,0
6732,1
6733,0
6734,0
6735,0
6736,0
6737,0
6738,0
6739,0
6740,0
6741,0
6742,0
6743,0
6744,0
6745,0
6746,0
6747,0
6748,0
6749,0
6750,0
6751,0
6752,0
6753,0
6754,0
6755,0
6756,0
6757,0
6758,0
6759,0
6760,0
6761,0
6762,0
6763,0
6764,0
6765,0
6766,0
6767,0
6768,0
6769,0
6770,0
6771,0
6772,0
6773,0
6774,0
6775,0
6776,0
6777,0
6778,0
6779,0
6780,0
6781,0
6782,0
6783,0
6784,0
6785,0
6786,0
6787,0
6788,0
6789,0
6790,0
6791,0
6792,0
6793,0
6794,0
6795,0
6796,0
6797,0
6798,0
6799,0
6800,0
6801,0
6802,0
6803,0
6804,0
6805,0
6806,0
6807,0
6808,0
6809,0
6810,0
6811,0
6812,0
6813,0
6814,0
6815,0
6816,0
6817,0
6818,0
6819,0
6820,0
6821,0
6822,0
6823,0
6824,0
6825,0
6826,0
6827,0
6828,0
6829,0
6830,0
6831,0
6832,0
6833,0
6834,0
6835,0
6836,0
6837,0
6838,0
6839,0
6840,0
6841,0
6842,0
6843,0
6844,0
6845,0
6846,0
6847,0
6848,0
6849,0
6850,0
6851,0
6852,0
6853,0
6854,0
6855,0
6856,0
6857,0
6858,0
6859,0
6860,0
6861,0
6862,0
6863,0
6864,0
6865,0
6866,0
6867,0
6868,0
6869,0
6870,0
6871,0
6872,0
6873,0
6874,0
6875,0
6876,0
6877,0
6878,0
6879,0
6880,0
6881,0
6882,0
6883,0
6884,0
6885,0
6886,0
6887,0
6888,0
6889,0
6890,0
6891,0
6892,0
6893,0
6894,0
6895,0
6896,0
6897,0
6898,0
6899,0
6900,0
6901,0
6902,0
6903,0
6904,0
6905,0
6906,0
6907,0
6908,0
6909,0
6910,0
6911,0
6912,0
6913,0
6914,0
6915,0
6916,0
6917,0
6918,0
6919,0
6920,0
6921,0
6922,0
6923,0
6924,0
6925,0
6926,0
6927,0
6928,0
6929,0
6930,0
6931,0
6932,0
6933,0
6934,0
6935,0
6936,0
6937,0
6938,0
6939,0
6940,0
6941,0
6942,0
6943,0
6944,0
6945,0
6946,0
6947,0
6948,0
6949,0
6950,0
6951,0
6952,0
6953,0
6954,0
6955,0
6956,0
6957,0
6958,0
6959,0
6960,0
6961,0
6962,0
6963,0
6964,0
6965,0
6966,0
6967,0
6968,0
6969,0
6970,0
6971,0
6972,0
6973,0
6974,0
6975,0
6976,0
6977,0
6978,0
6979,0
6980,0
6981,0
6982,0
6983,0
6984,0
6985,0
6986,0
6987,0
6988,0
6989,0
6990,0
6991,0
6992,0
6993,0
6994,0
6995,0
6996,0
6997,0
6998,0
6999,0
7000,0
7001,0
7002,0
7003,0
7004,0
7005,0
7006,0
7007,0
7008,0
7009,0
7010,0
7011,0
7012,0
7013,0
7014,0
7015,0
7016,0
7017,0
7018,0
7019,0
7020,0
7021,0
7022,0
7023,0
7024,0
7025,0
7026,0
7027,0
7028,0
7029,0
7030,0
7031,0
7032,0
7033,0
7034,0
7035,0
7036,0
7037,0
7038,0
7039,0
7040,0
7041,0
7042,0
7043,0
7044,0
7045,0
7046,0
7047,0
7048,0
7049,0
7050,0
7051,0
7052,0
7053,0
7054,0
7055,0
7056,0
7057,0
7058,0
7059,0
7060,0
7061,0
7062,0
7063,0
7064,0
7065,0
7066,0
7067,0
7068,0
7069,0
7070,0
7071,0
7072,0
7073,0
7074,0
7075,0
7076,0
7077,0
7078,0
7079,0
7080,0
7081,0
7082,0
7083,0
7084,0
7085,0
7086,0
7087,0
7088,0
7089,0
7090,0
7091,0
7092,0
7093,0
7094,0
7095,0
7096,0
7097,0
7098,0
7099,0
7100,0
7101,0
7102,0
7103,0
7104,0
7105,0
7106,0
7107,0
7108,0
7109,0
7110,0
7111,0
7112,0
7113,0
7114,0
7115,0
7116,0
7117,0
7118,0
7119,0
7120,0
7121,0
7122,0
7123,0
7124,0
7125,0
7126,0
7127,0
7128,0
7129,0
7130,0
7131,0
7132,0
7133,0
7134,0
7135,0
7136,0
7137,0
7138,0
7139,0
7140,0
7141,0
7142,0
7143,0
7144,0
7145,0
7146,0
7147,0
7148,0
7149,0
7150,0
7151,0
7152,0
7153,0
7154,0
7155,0
7156,0
7157,0
7158,0
7159,0
7160,0
7161,0
7162,0
7163,0
7164,0
7165,0
7166,0
7167,0
7168,0
7169,0
7170,0
7171,0
7172,0
7173,0
7174,0
7175,0
7176,0
7177,0
7178,0
7179,0
7180,0
7181,0
7182,0
7183,0
7184,0
7185,0
7186,0
7187,0
7188,0
7189,0
7190,0
7191,0
7192,0
7193,0
7194,0
7195,0
7196,0
7197,0
7198,0
7199,0
7200,0
7201,0
7202,0
7203,0
7204,0
7205,0
7206,0
7207,0
7208,0
7209,0
7210,0
7211,0
7212,0
7213,0
7214,0
7215,0
7216,0
7217,0
7218,0
7219,0
7220,0
7221,0
7222,0
7223,0
7224,0
7225,0
7226,0
7227,0
7228,0
7229,0
7230,0
7231,0
7232,0
7233,0
7234,0
7235,0
7236,0
7237,0
7238,0
7239,0
7240,0
7241,0
7242,0
7243,0
7244,0
7245,0
7246,0
7247,0
7248,0
7249,0
7250,0
7251,0
7252,0
7253,0
7254,0
7255,0
7256,0
7257,0
7258,0
7259,0
7260,0
7261,0
7262,0
7263,0
7264,0
7265,0
7266,0
7267,0
7268,0
7269,0
7270,0
7271,0
7272,0
7273,0
7274,0
7275,0
7276,0
7277,0
7278,0
7279,0
7280,0
7281,0
7282,0
7283,0
7284,0
7285,0
7286,0
7287,0
7288,0
7289,0
7290,0
7291,0
7292,0
7293,0
7294,0
7295,0
7296,0
7297,0
7298,0
7299,0
7300,0
7301,0
7302,0
7303,0
7304,0
7305,0
7306,0
7307,0
7308,0
7309,0
7310,0
7311,0
7312,0
7313,0
7314,0
7315,0
7316,0
7317,0
7318,0
7319,0
7320,0
7321,0
7322,0
7323,0
7324,0
7325,0
7326,0
7327,0
7328,0
7329,0
7330,0
7331,0
7332,0
7333,0
7334,0
7335,0
7336,0
7337,0
7338,0
7339,0
7340,0
7341,0
7342,0
7343,0
7344,0
7345,0
7346,0
7347,0
7348,0
7349,0
7350,0
7351,0
7352,0
7353,0
7354,0
7355,0
7356,0
7357,0
7358,0
7359,0
7360,0
7361,0
7362,0
7363,0
7364,0
7365,0
7366,0
7367,0
7368,0
7369,0
7370,0
7371,0
7372,2
7373,0
7374,0
7375,0
7376,0
